"","year","country","pop_density","urban_pop_total","urban_pop_growth","manufacturing_value","industry_value","agriculture_value","services_value","fuel_export_merch","fuel_import_merch","merch_exports","merch_imports","access_electric","tariff_rate","carbon_emissions","urban_pop_tot","rural_pop","air_freight","travel_imports","travel_exports","transport_exports","transport_imports","air_passengers","rail_goods","rail_passengers","pump_price"
"1",1996,"United States",29.4131648134723,209146726,1.65278297800739,NA,NA,NA,NA,2.04908603466298,9.44628973494568,6.25073e+11,8.22025e+11,100,2.56,19.4960247370023,77.636,22.364,21676.400390625,35.6560595510699,37.4149977351032,21.3970981867099,31.3798821325255,571072000,1979834.5624791,NA,NA
"2",1996,"China",129.688982907321,388593258,4.08605174394273,286888541026.196,406871753341.272,166923247062.856,289951717100.864,3.90783602702799,4.96919032679788,1.51048e+11,1.38833e+11,92.7715148925781,19.76,2.84430958153669,31.916,68.084,1688.5999755859,20.0008940945058,49.5940098215588,14.9268245247241,46.0995127184943,51770100,1292200,354400,NA
"3",1996,"Japan",345.012345679012,98272808,0.418403625226967,1133041181624.04,1667611701144.8,81929341206.1692,3058359556201.51,0.522633814449062,17.4345463685466,4.10901e+11,3.49152e+11,100,254.58,9.57950789220481,78.145,21.855,6801.2998046875,28.8112941392981,6.10295557677275,32.2616182904943,24.3243740140619,95913504,24635,251723,NA
"4",1996,"Germany",234.652470709559,59987869,0.215764514599616,504086301013.777,723292175721.341,24849233168.7029,1521956069664.67,1.3590269474437,7.6351333391053,5.24649e+11,4.59098e+11,100,4.01,10.8602336004331,73.232,26.768,6036.2998046875,44.7942867564389,24.6362239790029,24.8023064216738,18.7683606674083,40118400,67680,71028,NA
"5",1996,"France",109.124927406011,44863821,0.580753271890807,228252340043.595,344350557763.816,38887036799.5897,1057391973329.91,2.60100956214853,8.30181526951561,3.05509e+11,2.9456e+11,100,4.01,6.2809536074279,75.082,24.918,4842.6000976563,24.1549962397902,31.4654325734833,22.3745939730101,28.0583786159054,41252600,49506,59528,NA
"6",1996,"United Kingdom",240.428843053776,45610451,0.331173754095967,217193447737.91,352096723868.955,15914196567.8627,910792511700.468,6.75072500784011,3.8796406281983,2.58527e+11,2.87332e+11,100,4.01,9.48023105904642,78.413,21.587,7618.1000976563,37.5527489557323,24.1420823730491,19.2316643949029,26.907977257435,64208500,13300,32100,NA
"7",1996,"India",329.240047558346,262509794,2.68481702743858,70867991355.1244,112507997969.06,99663329640.4588,142078778813.435,1.5532631411235,29.5320629026719,3.3105e+10,3.7942e+10,53.8980979919434,NA,0.901348777044391,26.817,73.183,565,8.29907766351681,39.438013019055,27.7012728397315,58.6075087475982,13394600,277567,357013,NA
"8",1996,"Brazil",19.7308618903249,129130417,2.4871176511093,111126256093.921,189986071037.708,40552183862.3023,512967863894.14,0.890640552567456,13.174404614104,4.7747e+10,56792400000,92.867095,13.8,1.72686421676611,78.302,21.698,1644.8000488281,35.9501761861837,15.7525230364195,31.3295304958315,34.0162255183152,22011500,128976,NA,NA
"9",1996,"Italy",193.329981979531,38086153,0.117720946939261,242351863470.95,338600200778.015,38683398167.9006,808440707742.502,1.2377060465461,8.52638752929811,2.52293e+11,2.08263e+11,100,4.01,7.48906560978832,66.982,33.018,1459.0999755859,30.7365388227554,49.9677698428081,18.4763157169127,27.7989945285094,25838500,21299,50300,NA
"10",1996,"Canada",3.26297546272012,23129543,1.43186037488132,NA,NA,NA,NA,10.5909302666054,4.31695133375136,2.01633e+11,1.75158e+11,100,5.42,16.1573715535574,77.951,22.049,1781,32.987853302135,31.2027595170452,21.0134913158149,22.7178810788978,22856000,146799,NA,NA
"11",1996,"Korea, Rep.",471.953980924736,35810625,1.49197608574533,144557275156.94,208180495991.05,29876064391.8205,301745540431.351,3.10183539972205,16.7086962418422,1.29715e+11,1.50339e+11,100,15.01,8.86949002454295,78.662,21.338,6550.8999023438,25.4692318689623,20.0929769081266,37.0231742267022,35.9775068248814,33002700,12947,29580,NA
"12",1996,"Russian Federation",9.04630625547992,108700578,-0.152284282189879,NA,138461838614.016,25655533010.7695,193577337287.342,43.1075474425893,2.75459194400379,8.86e+10,6.883e+10,100,8.9,10.8866506665812,73.367,26.633,853.5999755859,53.6362954469959,53.4740313521165,27.3316066077371,13.8845729348606,22117100,1131251,181200,NA
"13",1996,"Australia",2.38353097379691,15799280,1.51917013440111,51537177541.7299,104987101669.196,13706373292.868,250389984825.493,19.0643828678074,6.33863590940113,6.0301e+10,6.5427e+10,100,10.1,16.5018003932063,86.283,13.717,1833.6999511719,31.2250546707309,50.3590146766799,27.5327657856306,36.7554318955079,30075100,26368,NA,NA
"14",1996,"Spain",79.8691574563511,30291556,0.524558812446328,104850912912.124,180011821883.62,28157099697.8852,382952843819.782,2.40272482702072,9.3720021862846,1.07243e+11,1.21221e+11,100,4.01,5.84874421193641,75.938,24.062,739.5999755859,20.1702391224818,62.1960595909935,16.9930618125541,31.6990017256347,27759200,9735,15605,NA
"15",1996,"Mexico",49.2232063581882,70492946,2.14154188827009,77626727110.035,132356153117.351,18008813195.7786,231190728873.332,11.9884085482583,2.00248970272555,9.6e+10,91978866000,96.093624,NA,3.62030564885352,73.67,26.33,168.8000030518,37.0303439573644,41.2569559376774,8.62267579196288,18.2461575497265,14677700,41957,1799,NA
"16",1996,"Indonesia",110.3544610476,74438287,4.65230344392469,58244417879.8617,98805191478.4613,37907953720.7019,90656534175.8101,25.8324536198234,8.71423724344911,4.9814e+10,4.2929e+10,72.39,7.73,1.26699299763308,37.235,62.765,749.4000244141,16.2346890437843,95.6979263385949,0.588053234292789,35.6635311632943,17138800,4730,15207,NA
"17",1996,"Turkey",77.2100983589517,37230423,2.43862340554711,38366513513.5135,55564270270.2703,30586899262.8993,89690621621.6216,1.1692335233845,13.8967402217916,2.3224e+10,4.3627e+10,92.0201950073242,NA,3.167198714684,62.653,37.347,207.3000030518,20.9645343056016,43.9620292561469,13.6632430750078,28.8531653960888,8463900,9018,5229,NA
"18",1996,"Netherlands",460.026599526066,11436659,1.59627351987802,66679738562.0915,107324183006.536,12615686274.5098,282171241830.065,8.14362413079609,8.70632921478152,2.08999e+11,1.90923e+11,100,4.01,11.9665980446989,73.64,26.36,3902.3999023438,27.6019492258315,14.2018654318639,40.5223867454414,27.5508425998163,17114300,3123,13695,NA
"19",1996,"Switzerland",178.907356810362,5199719,0.372289140444618,62946079611.6505,92948891019.4175,4351127427.18447,222925046521.036,0.165720062621692,3.57402721289751,7.9747e+10,7.8224e+10,100,5.39,5.6401025191428,73.527,26.473,1511.3000488281,49.0152629350739,36.1037552978283,15.9996057430101,35.4414044411456,10468300,7323,11662,NA
"20",1996,"Saudi Arabia",8.89969158343761,15096728,2.39480165446299,15477970627.5033,82760512443.2577,8587983978.63818,67314018691.5888,89.5497038358403,0.221566086725534,6.0729e+10,2.7744e+10,NA,NA,13.5248045927001,78.91,21.09,862.799987793,NA,NA,NA,17.1992026803511,11706300,675,181,NA
"21",1996,"Argentina",12.9425261903979,31298956,1.43563268393153,47723250000,72371500000,1.527e+10,1.63458e+11,12.9969310881625,3.61148006913453,2.3811e+10,2.3762e+10,93.4965667724609,13.33,3.8114572852461,88.366,11.634,176.6000061035,47.0105735931522,61.8130964449386,25.9744263928743,31.2739221409061,7913000,NA,NA,NA
"22",1996,"Sweden",21.5455427206707,7418835,0.26646116354374,55745600954.3692,76727408291.0826,6324187294.95974,170092603638.533,2.14896896873128,7.45312921767889,8.4916e+10,6.693e+10,100,4.01,6.32403140459934,83.914,16.086,249.6000061035,34.0317275262165,22.8351295410321,31.6460664824621,26.74460407864,9879000,18840,6218,NA
"23",1996,"Poland",126.103921120507,23768665,0.149227783634428,27844411409.0724,49302390230.3327,7229449538.22188,84140983939.7648,6.76149881092802,9.19979456596236,2.444e+10,3.7135e+10,100,4.01,9.21060990768264,61.538,38.462,70,9.36095054592164,32.3366782715544,28.1793979111202,27.1355170199101,1805900,68300,26600,NA
"24",1996,"Belgium",NA,9836805,0.271829214060208,51329902280.1303,72745276872.9642,3716742671.00977,176367426710.098,3.15870680219462,7.06109120794505,1.77337e+11,1.67914e+11,100,4.01,11.6238342474975,96.851,3.149,590.9000244141,NA,NA,NA,NA,5173600,8454,6788,NA
"25",1996,"Thailand",117.738597349723,18315522,1.67254626553378,47451218694.1407,68311782091.0953,16592273120.0701,98131098896.3291,1.6066746210537,8.82122356427431,5.5721e+10,7.2332e+10,75.6746215820313,NA,2.99668563389438,30.449,69.551,1348.1999511719,22.1898778756672,54.4104796930117,15.6702715627975,40.6209669276214,14078300,3365,12279,NA
"26",1996,"Iran, Islamic Rep.",37.8097994793585,37619262,3.05233119275429,19873322790.0267,50669028283.7934,12457565398.1745,57555031881.122,NA,NA,2.2391e+10,1.6274e+10,97.2833251953125,NA,4.48270943342904,61.087,38.913,109.5999984741,8.89962055881338,2.55720053835801,58.4118438761777,49.4653328734046,7609600,13638,7044,NA
"27",1996,"Austria",96.3794744490191,5237033,0.135014828955475,41832583831.5571,68214413828.9576,4703431245.12607,139220977384.975,1.25419181381577,5.40723287696136,5.8222e+10,6.8505e+10,100,4.01,7.9380082992661,65.8,34.2,192.1000061035,NA,NA,NA,NA,4718600,13909,9689,NA
"28",1996,"Egypt, Arab Rep.",65.2302536541263,27714248,1.58413144505548,11183962264.1509,19963443396.2264,10898584905.6604,32282134433.9623,47.5720303927529,1.43017548991957,3.539e+09,1.3038e+10,95.9717712402344,NA,1.571310296498,42.681,57.319,198,27.9677213845827,35.2902302015641,29.6177993171054,35.1454661286897,4282400,4352,29669,NA
"29",1996,"Nigeria",121.581633123621,36237343,4.09012575196544,1661213250,16390926500,10518213375,6874849250,95.5789027672561,1.32828942355871,1.6153e+10,6.438e+09,38.3034210205078,16.06,0.358212758513043,32.725,67.275,4.6999998093,28.7172356385445,4.82704709790891,10.4201680672269,9.9983919331801,221200,NA,834,NA
"30",1996,"Norway",11.9956084272201,3243897,0.879003028562817,16456479270.6751,50640174889.1439,3641818350.95662,87585041396.6325,54.6836355641379,4.50789110569189,4.9645e+10,3.5615e+10,100,1.04,7.61549285423442,74.039,25.961,177.1000061035,31.8897912209539,15.281895504731,59.744120105988,35.9437083081486,12727300,NA,NA,NA
"31",1998,"United States",30.1184850681737,216206090,1.63762765741403,1.423186e+12,2.055197e+12,1.10289e+11,6.611745e+12,1.57012187982875,6.60059135416862,6.82138e+11,9.44353e+11,100,2.77,19.5792362010339,78.377,21.623,25757.900390625,35.177328013192,35.3455086782599,19.1088046705422,30.6040526958793,588170880,2011862.2560065,NA,0.32
"32",1998,"China",132.286384121395,420606126,3.90807856569896,324608357768.357,471289486041.961,176573862806.344,381179748706.985,2.80156521552714,4.86975398707026,1.83712e+11,1.40237e+11,93.8175659179688,15.58,2.67674598026467,33.867,66.133,2474.1999511719,34.0938553279751,20.2074948286644,3.68808428074339,25.0490758916997,53234000,1163000,343000,0.28
"33",1998,"Japan",346.776406035665,99095072,0.432577326989712,923459936305.1,1352801605435.38,65831559150.0115,2617914629888.93,0.38078829834606,15.4030652900048,3.87927e+11,2.80484e+11,100,2.96,9.16004415348101,78.398,21.602,7514.1000976563,25.8029043364836,6.03133430792053,34.2480493821861,23.7493048779397,101701200,22681,242807,1.02
"34",1998,"Germany",235.078777720474,59979781,-0.0750987770159535,459826608869.623,637985995331.777,20896965655.2184,1374749360898.08,1.11689223751589,5.59018338523148,5.43752e+11,4.71474e+11,100,3.29,10.4252731613799,73.104,26.896,6233.7998046875,41.0904333846742,23.1488413624649,22.9543903387833,18.7966070341841,49279800,73273,71856,0.96
"35",1998,"France",109.916042997556,45390695,0.590293356655555,216303090949.522,318680231265.288,35769401823.4379,995391372025.795,2.1537521270099,5.8575517818162,3.20631e+11,3.07771e+11,100,3.29,6.27126746876298,75.417,24.583,4773.6000976563,25.5577225262237,33.0412397991798,22.8604071154794,27.0391348323756,42232400,53967,64528,1.11
"36",1998,"United Kingdom",241.752329186128,45931122,0.367838511025178,238116926134.482,379738323948.327,14844319311.0301,1081339847631.67,4.17279791618783,2.49237308538412,2.73949e+11,3.21231e+11,100,3.29,9.09440391350297,78.532,21.468,4663.5,38.9892150993513,21.3953281902506,17.2339504629802,26.6347782799776,61940200,17340,36200,1.11
"37",1998,"India",341.711778258369,276751329,2.62589703775105,67893336551.5831,117799325075.721,102515380001.522,162954818908.664,0.432947929924339,20.3580097448102,3.3437e+10,4.298e+10,56.7636451721191,NA,0.921501663720656,27.24,72.76,531.299987793,12.0704673721991,26.6425761913347,16.0211107340209,49.9806790420907,16521000,281513,403884,0.56
"38",1998,"Brazil",20.3598695403523,135763838,2.47788651607609,104986643688.065,191046100818.613,41028005170.1853,527895734597.156,0.719941951760776,9.30402236403708,5.114e+10,61134800000,94.193812,15.94,1.83515237411107,79.781,20.219,1642.8000488281,34.1449495910215,18.5545224006762,26.232741617357,32.2744277471308,28091100,141515,NA,0.8
"39",1998,"Italy",193.487960286967,38185563,0.118229703401032,231150105944.017,319902196944.352,34877104940.3368,780767146202.743,1.11157424594682,5.68062361920764,245800788000,218465101000,100,3.29,7.7346487614895,67.102,32.898,1475.9000244141,30.1046770243189,47.4280805040438,17.2002673183517,24.2420269715514,27462700,22386,47285,1.19
"40",1998,"Canada",3.32631734060885,23812357,1.35459018550948,NA,NA,NA,NA,8.30814183243278,3.37820946201493,2.14327e+11,2.06066e+11,100,1.45,16.7460786038039,78.724,21.276,1805.6999511719,30.0118935228765,29.1673724797318,19.078496521678,21.9458383729429,24653300,154057,NA,0.41
"41",1998,"Korea, Rep.",479.851783122538,36633453,1.02556798368187,93594160292.2708,129930500057.084,16004466834.1135,195579760817.445,3.6646447840861,20.4637508239844,1.32313e+11,9.3282e+10,100,NA,7.88207087063803,79.145,20.855,7290,14.274489800116,25.795249599528,38.811989141515,39.7369709285823,27109000,12736,30409,0.93
"42",1998,"Russian Federation",9.01458931830807,108329743,-0.170964673728619,NA,91973209685.729,13827923750.644,140422462648.12,39.2493661988602,3.41278312748501,7.4884e+10,5.8015e+10,100,NA,10.1272991664453,73.359,26.641,736.5,52.5529168708318,52.0439375195421,25.3536376961911,16.7367944795773,15223700,1006000,152900,0.28
"43",1998,"Australia",2.43559871392682,16227489,1.2996937375186,50142440480.2279,101916841891.067,12195618259.513,253782133894.051,19.6559146597808,4.68047885726297,5.5893e+10,6.463e+10,100,9.5,16.9356958473625,86.727,13.273,1904.4000244141,32.7009522070669,48.0141716727722,24.5843396462752,35.0734703877091,30185700,30119,NA,0.46
"44",1998,"Spain",80.5372196860484,30610090,0.520340425805055,102152800980.065,171819801759.661,25638712551.5091,365604187548.725,2.01833934599454,6.40318124932904,111973296000,136662422000,100,3.29,6.50220349994825,76.1,23.9,767.0999755859,18.4639143662898,60.3190818568284,16.440511955132,30.6109230135628,31594100,11214,17475,0.84
"45",1998,"Mexico",50.8353897991204,73311685,1.91737256559926,101292431042.032,161329090958.844,20075840083.1874,295867866133.976,5.95066115442491,2.20487160913697,1.1746e+11,129072258000,96.092755,13.05,3.93727284285307,74.186,25.814,284.799987793,33.9340762685529,66.1037967686401,10.8927430351274,37.2218846762248,17717400,46873,460,0.36
"46",1998,"Indonesia",113.556497402805,81448955,4.45822342770241,23857255087.3714,43168322807.7144,17259288058.6118,35017937006.3888,19.0645877752582,10.0049820794975,5.037e+10,3.528e+10,80.94,NA,1.04124592062912,39.593,60.407,429.3999938965,17.702383011363,98.0414746543779,0.138248847926267,31.6317628932777,12613600,4960,16196,0.16
"47",1998,"Turkey",79.6871093902265,39068789,2.39884485412885,61535274261.6034,85841634062.1404,34358814729.5742,133771388569.237,0.972271852009248,9.90371027075872,2.6974e+10,4.5921e+10,93.2315902709961,NA,3.27108392539393,63.703,36.297,246.6000061035,18.5824769573048,31.0786818516434,13.5105876239553,25.987922449412,9949300,8466,6160,0.78
"48",1998,"Netherlands",465.260930094787,11819675,1.68142954014443,61864030215.5077,97917129526.7718,10862030659.8534,279922239502.333,6.346098303492,6.51239430615617,213976677000,195638857000,100,3.29,11.3603815292711,75.25,24.75,3833.3999023438,25.9994924451782,14.046423288512,39.4600718225607,27.9488512916409,18675500,3778,14107,1.14
"49",1998,"Switzerland",179.881622223347,5220447,0.226328524821519,55137565733.2046,78565567388.6053,3712863567.38861,202920953579.804,0.253226563782404,3.0438434473311,7.8856e+10,8.0094e+10,100,1.66,5.86565191762983,73.424,26.576,1963.4000244141,45.5723783487955,31.7474714536641,17.263168855653,34.909135955738,14298900,8680,12485,0.86
"50",1998,"Saudi Arabia",9.24898845880104,15783292,2.21148571815153,15491733333.3333,64504760000,9040266666.66667,73230400000,85.3187742722733,0.212695333689094,3.8822e+10,3.0013e+10,NA,NA,10.4454160043995,79.383,20.617,934,NA,NA,NA,25.7547257084707,11816200,960,219,0.16
"51",1998,"Argentina",13.2428554202339,32167673,1.35104469893667,53326250000,79855250000,1.5703e+10,179791250000,8.66746162854728,2.59006691287075,2.6441e+10,3.1404e+10,94.3295440673828,15.67,3.85787091570762,88.759,11.241,251,46.7574338765097,64.4291473662169,24.9618215414142,30.8263929218944,8446500,NA,NA,0.94
"52",1998,"Sweden",21.5698542671931,7432163,0.0888696066034251,53448471049.9503,71730084655.1529,5308494446.47102,157738462119.02,1.81732368088901,5.21856328587307,84767365000,68403006000,100,3.29,5.98545979233472,83.97,16.03,294.200012207,37.4140883977977,25.1903479675512,24.4369567438774,17.7877514815542,11877700,19024,6997,1.09
"53",1998,"Poland",126.23161383003,23827143,0.107174744148051,30614896587.4432,54195727599.7008,6377804569.25822,94086938568.2224,5.39263761764218,6.37408998839145,2.823e+10,4.7055e+10,100,3.29,8.41702747872081,61.627,38.373,91.8000030518,11.9308535267788,39.5904436860068,26.5104695138825,25.6675412872357,2212500,61747,25651,0.54
"54",1998,"Belgium",NA,9896510,0.287787745843932,47540008890.8646,66773060680.1511,3246943765.28117,163517559457.657,2.41694298833993,5.14957649639318,1.8191e+11,1.68995e+11,100,3.29,11.6019145530416,96.996,3.004,473,NA,NA,NA,NA,8748400,8764,7971,1.12
"55",1998,"Thailand",120.568582277985,18968883,1.76176201006512,31102772283.9306,41246995846.168,11665909079.919,60762801201.178,1.48669787676124,8.17485565129895,5.4456e+10,4.2971e+10,79.1010818481445,NA,2.66809829907595,30.795,69.205,1522.1999511719,16.5029983622012,47.2197694162465,20.428266559155,38.7717383885899,15015400,2921,10947,0.3
"56",1998,"Iran, Islamic Rep.",39.2326862152803,39994126,3.06123659292638,18626556325.7954,35843915436.8996,12742561181.1603,61499451092.5452,81.08227199009,1.29360146312694,1.3118e+10,1.4323e+10,97.5807876586914,NA,4.82793952109705,62.588,37.412,102.3000030518,5.950991831972,35.5072463768116,30.3623188405797,56.631660832361,9200400,12638,5426,0.08
"57",1998,"Austria",96.5946839428433,5248727,0.109724862028944,38690429079.5909,62227345486.8831,3914150733.6594,128473877278.791,1.05024710102424,3.5160691735219,64085074000,69504329000,100,3.29,7.98100426123845,65.8,34.2,265.5,NA,NA,NA,NA,5871500,14487,7971,1.04
"58",1998,"Egypt, Arab Rep.",67.6860274247828,28773125,1.9455389199881,14403187721.3695,24299291617.4734,13474616292.7981,40962042502.9516,29.5110335473037,4.82257535514533,3.13e+09,1.6166e+10,96.6164016723633,14.17,1.81428671673163,42.704,57.296,255.1000061035,19.5888549099558,32.7502553626149,31.8437180796731,34.5395854570166,3894900,4159,33121,0.29
"59",1998,"Nigeria",127.788300009882,39306959,4.06043574254864,1607914090.90909,10328778409.0909,12018000113.6364,8430845000,96.9791654088273,2.20450632064869,9.855e+09,9.211e+09,40.5109214782715,16.21,0.3253758213527,33.773,66.227,27,38.6680284431428,5.32302025782689,12.8353591160221,17.3648982842902,313400,NA,506,0.13
"60",1998,"Norway",12.1328532902572,3295901,0.684182133801829,16253462512.0939,42549204119.2297,3490609799.73758,87194205510.8614,43.2812991927919,2.55863383454593,4.0402e+10,3.7478e+10,100,1.19,8.52482023999292,74.375,25.625,203.3999938965,30.4094395819531,13.5502740216512,55.3595547931138,32.6628012927231,14291500,NA,NA,1.21
"61",2000,"United States",30.7973013298523,223069137,1.51201139138713,1.54199e+12,2.30256e+12,1.18251e+11,7.522771e+12,1.8508289473488,11.0999689797478,7.81918e+11,1.2593e+12,100,1.84,20.1787505069199,79.057,20.943,30171.975,32.6311351404975,35.6256933974341,16.2706596876511,28.5751841472186,665327414,2142145.3016182,NA,0.47
"62",2000,"China",134.492481002789,452999147,3.64925271115854,384937389761.307,551614399368.235,177780193867.172,481952276369.83,3.14350961219834,9.4713009063821,2.49203e+11,2.25094e+11,94.7966537475586,14.67,2.69686243322549,35.877,64.123,3900.08,36.3301830386081,20.6966916228142,4.68096784977887,28.8013796144391,61891807,1333606,441468,0.4
"63",2000,"Japan",347.991769547325,99760751,0.327609574744949,1102536526068.18,1601066203933.54,75072263386.7054,3218997731184.84,0.363218822631304,20.3642218142052,4.79249e+11,3.79511e+11,100,1.94,9.62235162366075,78.649,21.351,8672.048,27.2232796925461,4.92443481319603,37.335641594316,28.3821387086821,109123312,22313,240793,1.06
"64",2000,"Germany",235.596813297034,60069483,0.139537496255531,404199373502.856,543653031140.593,18586696148.8852,1196777224986.18,1.45392145641663,8.5908947595755,551809817166,497197415120,100,1.67,10.0956398829225,73.067,26.933,7127.713,39.0430189110667,23.3732961999139,22.6486022129384,18.7188159299735,57962865,80634,74388,0.91
"65",2000,"France",111.242094574728,46214921,1.02423817847282,193241201400.405,286669430624.655,28777409250.0461,912726183895.338,2.81734162381187,10.0077839959802,327610932147,338939622173,100,1.67,5.94666546275395,75.871,24.129,5224.34,26.983896324011,34.1628344804928,19.3153493780104,29.1792195860571,52581312,55448,69860,0.99
"66",2000,"United Kingdom",243.427908899268,46319551,0.433615661051976,215158117718.263,371398093508.852,12882433045.8466,1093422605537.9,8.33955532200287,4.07692960684997,285425264505,348057557314,100,1.67,9.19954923303155,78.651,21.349,5160.872,40.0817455167664,18.3244751743182,15.9631377575156,23.2369454295373,70436030,18090,38200,1.17
"67",2000,"India",354.182178737316,291347596,2.55003754722718,76470826844.4036,131341717304.177,101013126256.69,190723368000.788,3.40365160540618,38.6027659118004,4.2379e+10,5.1523e+10,59.5622367858887,23.28,0.979870442389399,27.667,72.333,547.652,14.2365056059182,21.5818962890783,14.2103057772667,46.3316155424182,17299483,305201,430666,0.6
"68",2000,"Brazil",20.9720807500233,142319498,2.31382438102118,86087455588.9587,150789833287.784,31135829461.6015,381794479365.947,1.64335019374067,14.9284865703692,5.5086e+10,59052800000,94.4569702148438,12.69,1.87111831255912,81.192,18.808,1727.901,25.6550118007428,22.911536846426,18.2792187384781,28.3771201317835,31287784,153863,NA,0.92
"69",2000,"Italy",193.608201013226,38277624,0.134599938879629,199937350285.609,277667311590.197,29141606780.9103,716038234752.165,2.02581317027152,9.80819208519572,240517678467,238756698891,100,1.67,7.912673166227,67.222,32.778,1748.406,27.1667083962038,46.8748100978108,16.1050745803579,22.9709203939056,30418137,22834,44849,0.97
"70",2000,"Canada",3.38369892373792,24455142,1.35594393505003,NA,NA,NA,NA,14.1658446861071,5.34233299441336,2.76635e+11,2.44786e+11,100,1.33,17.3671146940009,79.478,20.522,1896.114,29.0471047450953,27.4515976938487,19.2018146562076,22.0170935406718,41767974,NA,NA,0.58
"71",2000,"Korea, Rep.",487.332687124197,37428328,1.13428440765118,146096413666.266,192059666124.355,22148793944.9671,289984968522.317,5.46477782194502,23.8905233003304,1.72267e+11,1.60481e+11,100,8.23,9.52093176005307,79.621,20.379,7651.338,21.4717960451841,21.4377801547693,43.3758786939651,34.632939136299,34331368,10803,28097,0.92
"72",2000,"Russian Federation",8.94899666327663,107528575,-0.426019623316813,NA,88091006043.3701,14937788837.54,129121933878.422,50.5818149032661,4.1341526153194,1.05565e+11,4.4659e+10,100,NA,10.6271205332605,73.35,26.65,1041.409,53.4346389228886,30.3449087552808,31.4612428962566,14.2602815177479,17687894,1373200,167100,0.33
"73",2000,"Australia",2.49313356677037,16694712,1.44268462269671,48171826917.0382,102332475036.111,12947308924.1977,267280663191.61,21.8804271955872,8.42050720066741,6.387e+10,7.1529e+10,100,3.94,17.2006098261369,87.165,12.835,1730.735,33.6943883305709,48.1587863620814,21.7852704934953,34.624136362135,32577569,34050,1265,0.57
"74",2000,"Spain",81.2983246492986,30937864,0.553405611176717,96376451077.9436,166028192371.476,22259074995.3934,351901603095.633,3.56442573577049,12.1773918101843,115250844197,156142586993,100,1.67,7.25782434589112,76.262,23.738,879.499,18.0932981045038,58.1553695006212,NA,NA,39711776,12042,19784,0.73
"75",2000,"Mexico",52.32628051133,76006974,1.78169524468404,132132172998.012,226837622678.624,23005962075.3839,400903900862.981,9.66648783434748,3.00340277027409,1.66367e+11,179464223000,98.007132,15.22,3.91647818215066,74.722,25.278,309.858,33.5012799982731,62.4043129741815,8.23166525757878,37.6858474660623,20894205,NA,82,0.61
"76",2000,"Indonesia",116.771876880275,88851211,4.31686521073999,45785820885.2257,75786549710.1716,25746530832.4418,63487931535.1962,25.3711968097137,18.5014742930269,6.5403e+10,4.3595e+10,86.3,5.16,1.24524161289282,42.002,57.998,408.542,20.7826716291185,98.3006332555804,0.0790403136939323,26.3320325561287,9916365,NA,NA,0.17
"77",2000,"Turkey",82.169511323623,40942287,2.32142642270659,51195890914.9072,73438528470.8893,27520412667.9463,143463291746.641,1.06322436599308,13.9484083754672,2.7775e+10,5.4503e+10,94.3760223388672,2.39,3.4179459428928,64.741,35.259,385.036,22.4685204616999,39.835150503417,15.4155146330012,33.4076600209864,12187891,9761,5832,0.88
"78",2000,"Netherlands",471.727280805687,12229998,1.71592210438949,56484245439.4693,91490694674.7743,9247282107.97863,269625023032.983,8.22793118424807,9.81744638296698,233129751675,218266960298,100,1.67,10.8947262797751,76.795,23.205,4367.344,24.5205246668978,14.7185435425808,34.3329590505251,25.9224734340639,20898713,3819,14760,1.03
"79",2000,"Switzerland",181.769304726242,5267636,0.492417448567961,48614184687.352,69208867716.7219,3138534284.69919,187421874940.786,0.409076277849269,4.60440636369729,8.05e+10,8.2521e+10,100,0,5.43548498451474,73.322,26.678,1971.647,17.782425491294,14.9183126092734,16.3582609506971,25.5070141947061,17268093,10658,12835,0.78
"80",2000,"Saudi Arabia",9.65921225851169,16579888,2.58002386879802,18210666666.6667,102653948986.667,9326133333.33333,77534666666.6667,92.1859609059286,0.170812224131169,7.7583e+10,3.0238e+10,NA,11.51,14.3002727468168,79.848,20.152,999.56,NA,NA,NA,20.5354092439845,12566492,822,288,0.24
"81",2000,"Argentina",13.5409754119027,33033754,1.32424764356484,46877500000,73867250000,13300500000,1.76051e+11,17.7384671777179,3.76054072276924,2.6341e+10,2.5154e+10,95.0955581665039,10.52,3.83557366545331,89.142,10.858,296.646,49.607046125997,61.2656937224604,24.9139136782316,27.3830894615503,8915627,NA,NA,1.07
"82",2000,"Sweden",21.6213603353317,7454878,0.193899954777834,52768330750.2565,69729759228.133,4369038003.97285,155516033267.119,3.19335733681296,9.05305415885092,87132464879,72879776933,100,1.67,5.56243008285854,84.026,15.974,289.285,33.5191659803206,20.371910066618,23.1149831875761,13.5534493837965,13354314,19084,6006,0.94
"83",2000,"Poland",124.909820758105,23611695,-0.973016273174752,27704838821.0119,49646349600.7915,5318101286.21063,97556429902.6714,5.08521401081177,10.9838280281238,31747232655,49028963058,100,1.67,7.82279832871167,61.716,38.284,77.827,37.4026853209974,54.72334682861,23.5685367264315,17.2853435631276,2340919,55562,24226,0.76
"84",2000,"Belgium",338.548546895641,9956834,0.307396852284558,41534825870.6468,59052607333.7019,2778606965.17413,150522664455.5,4.52798372568131,8.83731816037776,188371239359,177511245106,100,1.67,11.2296676990611,97.128,2.872,1017.479,NA,NA,NA,NA,10738119,8734,7755,0.96
"85",2000,"Thailand",123.232047994676,19763152,2.39344848356164,36138941658.0657,46562383139.1261,10747012101.1772,69082913257.4454,2.98646221599338,12.4366425978735,6.9057e+10,6.1924e+10,82.1,9.48,2.87923298923262,31.391,68.609,1712.88,18.0846644632415,54.2815548536088,23.5789724862076,44.1014652118164,17392091,3384,9935,0.39
"86",2000,"Iran, Islamic Rep.",40.60257742086,42352162,2.76692035147898,18235210863.6538,44171935289.7051,9938235611.16734,54787085671.1918,88.7421052249074,2.35678560676872,2.8739e+10,1.3898e+10,97.9,22.74,5.62871214830904,64.042,35.958,73.719,12.999365884591,36.9196757553427,49.4473102431835,72.4159797083069,8722145,14179,7119,0.05
"87",2000,"Austria",97.0158149673044,5271610,0.240462184404616,35847014925.3731,55664427860.6965,3241883176.70905,116720011055.832,1.27329202869007,5.45063149810118,67710474985,72394154148,100,1.67,7.77425973898237,65.8,34.2,407.769,NA,NA,NA,NA,6641875,16311,8318,0.82
"88",2000,"Egypt, Arab Rep.",70.2255140891054,29917666,1.95689806165834,17968912373.4038,30702216351.0935,15512989872.303,46450873330.3978,41.9072027700124,7.6521265580941,5275989139,14578358928,97.7,16.82,2.02166057648738,42.797,57.203,278.061,14.9699762602988,44.8539279446681,27.3046350779395,30.8895405669599,4521702,3980,34960,0.26
"89",2000,"Nigeria",134.33908560888,42627440,4.05381654226949,1652325282.97211,23521937160.5736,11730006598.0119,9804584684.15582,99.635033879376,1.72137186194267,2.0975e+10,8.721e+09,42.6514625549316,19.99,0.621626466305102,34.84,65.16,8.824,18.7906841480109,5.50000059010983,12.0300056897316,19.8404493293989,507396,NA,363,0.27
"90",2000,"Norway",12.2957658557954,3416773,1.96550018124801,15149060419.4597,62496307573.4509,3121861437.43325,85420482174.1008,63.8960486172585,3.50434434233884,6.0058e+10,3.4392e+10,100,1.06,8.83401570307687,76.081,23.919,201.042,29.5419446611586,11.5994572767184,54.844941710624,33.088444124121,15182305,NA,NA,1.19
"91",2002,"United States",31.3935499327652,228400290,1.14841884658312,1.45852e+12,2.258241e+12,1.064e+11,8.252007e+12,1.83749784511795,10.1359988942345,6.93103e+11,1.20023e+12,100,1.94,19.6134040768814,79.409,20.591,29554.684,29.2355190510564,29.9866675457296,15.3506362217876,25.1151062293931,598410415,2202131.39044513,NA,0.4
"92",2002,"China",136.383779609948,491993700,4.19800114764631,456719256687.206,653684727862.752,195605029567.476,621260257651.323,2.5921423456315,6.8946388143562,3.25596e+11,2.9517e+11,95.7311782836914,7.56,3.0070831974383,38.425,61.575,5013.505,33.2467190808833,20.0239692130494,5.6188993128849,29.3902535774834,83671798,1507817,480310,0.42
"93",2002,"Japan",349.643347050754,104055019,2.28287211011819,859389255750.151,1256742271987.75,57286981210.3232,2800917950681.09,0.392232514429775,19.4221479313674,4.16726e+11,3.37194e+11,100,2.17,9.57313013456785,81.647,18.353,8204.671,24.249775102025,5.36875889193387,36.8536201789656,27.2343415879209,109037841,21900,239246,0.91
"94",2002,"Germany",236.451570830706,60360131,0.251524923896156,415357613401.092,552222849614.154,17795031055.9006,1310599472990.78,1.48136022663476,8.40127200868419,615830758336,490282514088,100,1.75,10.058672497298,73.174,26.826,7195.804,36.9199596023079,20.1332405555575,22.4194789652002,20.3273211614394,61889678,73950,69848,1.03
"95",2002,"France",112.872519709917,47206863,1.05901944209546,198943158290.984,304952945605.12,30209862601.167,1016850178806.7,2.45565655552069,9.28937979897377,331719219885,329262267377,100,1.75,6.06866447158945,76.38,23.62,5030.16,25.284023701621,31.2502831132188,18.6747008337099,28.4489776354331,49305864,50036,73227,1.05
"96",2002,"United Kingdom",245.40354234696,46930583,0.798501015283694,202526978417.266,373014088729.017,12868705035.9712,1205221822541.97,8.10805617560448,4.1169246746465,280195147574,364074754539,100,1.75,8.90412310805173,79.047,20.953,4940.527,38.9503290342814,15.4676465725632,13.8828483845781,21.8712265254052,72381196,18520,39600,1.18
"97",2002,"India",366.544725362321,307805121,2.85712537050068,82125351224.3292,146172045492.2,100400969169.175,221205245774.809,4.62888494195995,32.4446590507863,4.925e+10,5.6517e+10,62.3,23.04,0.96738112771648,28.244,71.756,546.34,14.3830454921174,16.2202778143661,14.9698259203618,43.4356314606575,17633019,333228,490912,0.66
"98",2002,"Brazil",21.5539606898185,147507656,1.74153111983487,62768774096.6939,114267972295.199,27812276092.6678,291306765839.844,4.88344814947375,14.8723655123356,6.0362e+10,49716300000,96.652996,10.01,1.84437961081553,81.88,18.12,1539.738,18.3413508740559,25.5109211480391,19.6642953427636,26.7611658878317,35889538,167731,NA,0.55
"99",2002,"Italy",194.005667947367,38447500,0.297433898475445,212174948240.166,304460662525.88,29943252399.7741,808333897986.072,1.77040583939016,9.02815368223113,254426500057,247015222217,100,1.75,7.93232304235508,67.382,32.618,1393.803,26.1456875361343,43.2689622604877,15.2461927075496,20.6911383595538,28244627,23060,45956,1.05
"100",2002,"Canada",3.44883328879608,25054475,0.994818992055702,NA,NA,NA,NA,12.6797816393061,5.02900027859281,2.52394e+11,2.27499e+11,100,1.54,16.5593778458006,79.888,20.112,1578.027,26.9525628693425,26.7399285478693,17.6519600417432,21.3738194098523,23323029,233620.032089219,NA,0.51
"101",2002,"Korea, Rep.",492.248538072115,38258247,1.02604012271042,147533510778.601,197499620331.071,20432422927.2075,324967428402.433,4.02446128881626,21.3686119308171,1.62471e+11,1.52126e+11,100,9.95,9.77299974964706,80.299,19.701,7896.527,28.5809098258571,19.7292410373,44.6057608572815,32.5512924159329,34831814,10784,28787,1.09
"102",2002,"Russian Federation",8.87043393114192,106568907,-0.46687887840444,52129549690.5901,100021217990.431,19227731945.7735,186013278529.506,52.4733107183594,2.27470578062397,1.07301e+11,6.0966e+10,100,10.92,10.7159010231412,73.341,26.659,1039.064,47.247957081118,27.8634730138566,35.1618500008357,12.2308777130975,20892156,1510200,152900,0.35
"103",2002,"Australia",2.55800997097223,17203032,1.4069362123607,41630389284.2193,93064043532.8589,15555148597.7396,252606739221.432,21.6520962250402,7.55940900386143,6.5033e+10,72689500000,100,3.68,17.3704517744283,87.541,12.459,1544.717,32.8119446887609,52.6950490980596,20.8443067136401,33.9580931914398,39021581,40628,1379,0.5
"104",2002,"Spain",83.0225192369349,31708814,1.6611622094209,108377564464.521,195831921701.487,24365706757.0111,421981931112.366,2.55605841672044,10.8522640899883,125687225510,165104906692,100,1.75,7.59128078166889,76.533,23.467,807.417,19.4636923725094,54.582289709394,NA,NA,40380629,13781,20733,0.83
"105",2002,"Mexico",53.6822490290388,78647604,1.66794977162603,132152612365.369,230805752899.751,25107984672.7423,446133230633.803,8.90319761419771,2.69744151390222,1.60682e+11,173086789000,97.897085,5.07,3.97093498798838,75.365,24.635,341.598,35.3360986157682,72.1362416069018,7.41607891060388,32.9985473964018,19618662,NA,69,0.62
"106",2002,"Indonesia",120.066052650463,94759561,3.20554254434063,56190403303.2765,86996428835.0898,30242187911.635,78421994418.4586,24.4193846194093,21.4849579803706,5.9166e+10,3.834e+10,87.6,4.36,1.41023379736012,43.566,56.434,405.498,19.6138044309543,81.0716627410061,16.2279267924613,30.7091640911439,12113452,NA,NA,0.27
"107",2002,"Turkey",84.642040980731,42963798,2.41756748532019,40319393577.4947,58679961518.0467,24483625265.3928,127292801884.289,1.9211776651858,14.4671012968221,3.6059e+10,5.1554e+10,95.4758834838867,1.85,3.15744633341876,65.953,34.047,380.794,34.101215309269,60.6596079553584,19.9957075404207,36.3867222927626,10686877,7169,5204,1.02
"108",2002,"Netherlands",478.345053317536,12775902,2.27331417624889,59024091850.1788,99429700734.0486,9410878976.09637,306732542819.499,5.46373186610244,9.73079385310535,244058451676,219264542151,100,1.75,11.2492401198866,79.113,20.887,4203.584,22.9974684441587,13.831067124593,31.7016606205204,22.7908310002604,22931166,3685,14288,1.12
"109",2002,"Switzerland",184.321466524973,5344095,0.808277148395158,57474213332.4779,79900815282.9462,2964861734.89029,206899471127.935,2.06852165161742,5.15243480835228,9.1699e+10,8.7189e+10,100,0,5.58651281656358,73.36,26.64,1028.307,17.9895539550698,16.3124951627816,12.9330632119745,18.5735463490588,13295500,9732,12332,0.89
"110",2002,"Saudi Arabia",10.1904497857831,17591642,3.07297415566205,1.946e+10,98106357733.3333,9626933333.33333,81872800000,89.4752175376558,0.212054624386601,72453300000,32293300000,NA,5.82,14.9001376224602,80.304,19.696,862.29,NA,NA,NA,33.5515865617661,13564300,772,239,0.24
"111",2002,"Argentina",13.8449623450226,33918185,1.32144280134014,19884637028.7001,29862283499.0308,9974363784.15557,52330081910.836,17.0886498951644,4.91378745253496,2.565e+10,8.99e+09,95.817008972168,12.01,3.2915477348924,89.519,10.481,76.419,49.6932056909597,45.7804485267804,23.5455684122629,20.4076927018395,5662905,NA,NA,0.63
"112",2002,"Sweden",21.750153531218,7508835,0.399152958219952,49595875568.7012,68724671616.8058,4284848671.57573,159584373170.657,2.77125532038641,8.67764668865793,81499067995,66954943346,100,1.75,6.43422859805055,84.133,15.867,266.838,31.0284556838487,22.130219423144,21.6286263590711,13.1061171471084,12421220,12002,5792,1.06
"113",2002,"Poland",124.81753893369,23621395,-0.00422912734687445,28547058823.5294,53095833333.3333,5352696078.43137,116788970588.235,4.94451742128674,9.28796592099649,41132912520,55298906859,100,1.75,7.71204098396761,61.787,38.213,66.715,35.7665030005456,43.0152557583009,32.6054442117858,19.8472449536279,2845919,46560,17310,0.83
"114",2002,"Belgium",341.241248348745,10047497,0.504850382532479,43422266139.6574,61418031244.1182,2657632222.84961,167987765857.331,4.33173872673704,7.86812566098746,216127439354,198311101422,100,1.75,10.3854951012723,97.239,2.761,655.425,27.6987618991502,18.4896569787909,24.8196797438921,21.9055426894344,2341816,8363,8260,1.04
"115",2002,"Thailand",125.414793791227,21643274,4.46899816745571,38566623448.2694,49751560168.6216,11678836874.2158,72870454212.1643,2.45723383871105,11.866012017746,6.8108e+10,6.4645e+10,85.775520324707,NA,3.25131860196572,33.779,66.221,1823.591,19.9302269353598,51.6266041551687,21.3324673475156,42.9686125060506,18111892,3907.7,10378,0.36
"116",2002,"Iran, Islamic Rep.",41.7393170264496,44507326,2.40361407195009,19418372536.2403,58529022509.0601,10065759752.0357,58845765274.3403,70.090646920457,2.92335317919131,2.444e+10,2.0617e+10,97.9972152709961,NA,5.90968678645191,65.468,34.532,75.457,NA,NA,NA,NA,9891522,15842,8582,0.07
"117",2002,"Austria",97.8682126422863,5318413,0.499590024244888,37825014116.3185,58440071522.6802,3334613212.87408,128657613401.092,2.27572302347957,6.36515446682587,78672975979,78299111942,100,1.75,8.29911579584004,65.806,34.194,396.021,NA,NA,NA,NA,7070344,17626,8300,0.84
"118",2002,"Egypt, Arab Rep.",72.9219127027977,31133176,2.00307970902793,16249524692.7892,28624831903.5474,13533271504.7531,40050057964.294,33.701395479528,4.01629610607782,5545895677,12769844225,97.7271728515625,14.32,1.75221594212039,42.889,57.111,249.206,21.0537694312905,41.2391804535992,30.6464336583763,29.6429091120747,4526688,4254,39083,0.19
"119",2002,"Nigeria",141.272450783403,46973642,4.84605102037916,1964082479.25413,17495090488.9939,27841375472.5149,11990490684.054,94.0374643852279,1.3491706338125,1.7975e+10,7.547e+09,44.7474327087402,18.45,0.728060754798191,36.508,63.492,8.724,18.790729432742,5.49995374807371,12.0299863643077,19.8404078426933,520278,44,459,0.2
"120",2002,"Norway",12.4249722788813,3494337,1.10974922054941,17394599063.1028,64981462461.4845,2973396127.15749,104459154788.447,60.6500643882379,3.52712044263198,5.9662e+10,3.4873e+10,100,0.48,8.37853477588599,76.999,23.001,184.859,28.1418245998147,11.1854117821666,58.1769698162515,35.3655402915801,13699204,NA,NA,1.23
"121",2004,"United States",31.9589450682826,233532722,1.14388530085121,1.603883e+12,2.570422e+12,1.53599e+11,9.141251e+12,2.53212063368638,14.1753519027447,8.14875e+11,1.52568e+12,100,1.68,19.6583711815214,79.757,20.243,37450.121,28.8263378844641,28.3411763984073,14.6396382577965,26.9317641927519,678110608,2429484.35577533,NA,0.54
"122",2004,"China",138.053436689892,533257098,3.97537212954358,625223572999.227,897531682475.111,252565293074.618,805250029413.542,2.43401555544754,9.11545178222605,5.93326e+11,5.61229e+11,96.6523132324219,5.96,4.03799065100399,41.144,58.856,7024.25,27.2805860326238,32.6716054591952,15.3177810636836,33.9238213094647,119789024,1828548,551196,0.48
"123",2004,"Japan",350.510288065844,108136910,1.75443198804852,1027189374543.64,1458923405395.91,59819951383.1764,3298696773358.72,0.440202923470738,21.749603238356,5.65675e+11,4.54542e+11,100,2.01,9.90920349715484,84.64,15.36,8708.244,28.2583550512278,11.8409831689189,33.78797478016,28.8175407057675,101740600,22200,242300,1.26
"124",2004,"Germany",236.592195429653,60475342,0.0547298361763478,571733300223.491,751497392599.95,25599702011.4229,1777690588527.44,1.88996059351164,9.15589015859168,909886899885,715741596522,100,1.47,9.89868236878404,73.289,26.711,8065.6,36.6607185505365,19.758103336945,22.6180112316987,21.6682513893895,82099657,77620,69997,1.46
"125",2004,"France",114.515474818607,48209406,1.06332315873534,262997268438.043,417546560715.173,38783213310.1564,1455057114477.28,2.8565025686346,10.9274972656995,452105849821,470944607569,100,1.47,6.12007856802886,76.883,23.117,5584.213,23.6669614863505,31.6308342400711,21.4260830618891,28.9651675238253,48543473,45121,74014,1.42
"126",2004,"United Kingdom",247.955627660894,47767769,0.93379733417362,244758330281.948,467786525082.387,18592090809.2274,1670322226290.74,8.75302528676491,6.02365902524474,347493474259,470632528734,100,1.47,8.98914012749737,79.629,20.371,5698.49,37.8319182557103,14.262456035537,14.9907683699037,21.3641431618232,86054762,20570,41800,1.56
"127",2004,"India",378.763475257215,325487024,2.77285633095432,115051502154.376,213024502181.083,126080125893.02,299783265702.687,8.05334017420691,34.3493934087804,76648600000,99775400000,64.4,22.94,1.025027608194,28.903,71.097,708.475,13.7229920884021,16.3444844409104,13.0329510353515,38.5335667738447,23934074,381241,541208,0.87
"128",2004,"Brazil",22.1028192875448,152448023,1.61497384820906,101063247863.248,162688205128.205,37918632478.6325,367591794871.795,4.5677955386881,18.3129401430784,96677800000,66433400000,96.765107,7.67,1.82867198122873,82.521,17.479,1499.485,18.5267424754453,29.9026549814606,22.9948728490843,28.7465358049483,35263795,202533,NA,0.84
"129",2004,"Italy",196.115207044265,39006818,0.823321280014444,285748075490.44,421753786938.167,42168984355.5997,1159784330767.32,2.35610397610218,9.58285389036195,353781779768,355300681885,100,1.47,8.21648720132938,67.62,32.38,1393.038,23.8334301077855,41.0298305376518,17.5704322898627,24.7430981947491,35922093,23270,45566,1.53
"130",2004,"Canada",3.51844337335088,25610398,1.09952778043555,NA,NA,NA,NA,17.8747360948329,7.22446208338899,3.16762e+11,2.79931e+11,100,1.55,17.258911142366,80.045,19.955,1656.579,26.7191974193916,25.0621326286057,17.8568777612519,22.4911056085405,40701307,254605.153563569,NA,0.68
"131",2004,"Korea, Rep.",496.617630654823,38947802,0.829355606254432,196737592987.113,261936838612.789,24356773652.7783,403694338700.101,4.12123297580422,22.3433827569444,2.53845e+11,2.24463e+11,100,9.21,10.0301838595436,81.002,18.998,8072.784,24.6638974318009,13.7654631809583,51.6539422889364,36.3979310620282,34511494,10641,28641,1.35
"132",2004,"Russian Federation",8.79464203847941,105771150,-0.34130218813906,89932097209.3023,187365425876.432,28986070499.8265,299398834429.018,54.6879165967865,1.98967930894836,1.83207e+11,9.7382e+10,100,NA,11.1206269755471,73.418,26.582,1415.785,45.8188752892362,24.2097848954945,34.2557580225339,11.9017353269311,25948923,1801600,164272,0.55
"133",2004,"Australia",2.61997058172683,17681720,1.33480908120049,66811779769.5263,146598378147.674,18903115663.679,394292217954.19,21.2923076184642,9.49547695139928,86564508000,1.09384e+11,100,3.69,17.0265153472381,87.849,12.151,1898.071,38.2902085212507,55.7994820851162,19.1250758041701,34.6810869609992,41596552,42300,NA,0.85
"134",2004,"Spain",85.9848050803317,33059302,2.04276209944672,154736776756.891,289939160665.508,32875589769.0589,640921281350.882,3.58911128262098,11.2203463082203,182622842795,258330882114,100,1.47,7.90805068135971,77.022,22.978,1043.562,22.1188116640927,55.4791073134188,NA,NA,45539952,14117,20224,1.21
"135",2004,"Mexico",55.0402957895008,81313433,1.68996849121292,134195024809.499,260274357611.2,26301971469.0767,449103373648.768,12.3954978317233,3.88408509507498,187980442000,202259752000,98.597701,3,4.12455140321073,75.997,24.003,394.925,34.7976037601254,79.1913919602657,7.82241713023289,33.7399150393736,21167881,NA,74,0.59
"136",2004,"Indonesia",123.436935365456,100950833,3.15207036929008,72083392028.4328,114620174390.226,36819570160.3482,105397130744.878,25.7994775222078,25.8048722658036,70766610000,54876590000,89.01,3.95,1.50989820886019,45.145,54.855,434.101,17.0075321562021,38.5717218298392,18.3207234487484,26.5444679218125,26780550,NA,NA,0.27
"137",2004,"Turkey",87.0650247521536,45015877,2.29924934068059,68584353560.1543,101722840406.875,38137596632.7604,213881028411.084,2.27379436342695,11.9127922663436,6.3167e+10,9.754e+10,96.5623626708984,2.17,3.36410546196412,67.18,32.82,370.182,28.9400725101301,71.4423371731418,14.3094914808813,47.0249520153551,14275835,9334,5163,1.44
"138",2004,"Netherlands",482.280183649289,13271929,1.79694284127559,81394338217.035,136867395083.188,11702259746.7097,431935684132.108,5.73313305397658,10.3354415603295,357417103324,319668858730,100,1.47,11.3522689995976,81.514,18.486,4780.432,13.4334615347989,9.51410136713483,19.5717711352205,16.3568891210806,25595676,4331,14097,1.62
"139",2004,"Switzerland",186.984438259109,5426645,0.739183960002048,74653061117.8126,101971061198.231,3848165983.11218,272956532529.152,1.91168837775865,5.49276740497781,1.22844e+11,1.15799e+11,100,0,5.46256893956053,73.436,26.564,1089.934,18.7031867548811,16.077842631228,12.7706571287016,15.2451026647299,9287315,9313,12375,1.29
"140",2004,"Saudi Arabia",10.805692913862,18758258,3.21545374339021,26734400000,147935733333.333,10093866666.6667,100712800000,89.860266329017,0.238779896432063,1.25997e+11,47375733333,100,6.97,17.0406039634266,80.754,19.246,956.687,NA,NA,NA,30.0699621128993,14942633,1173,364,0.24
"141",2004,"Argentina",14.1516561978156,34816710,1.29906327673858,31181294718.6206,47449347396.6465,13769497386.4639,78767394915.4844,15.9935531189177,4.22195327329162,34575700000,22445200000,96.5250701904297,5.96,4.06905837986386,89.899,10.101,123.637,41.5524961145312,43.9709348769671,23.1897260732177,25.9474320800901,6795484,NA,NA,0.63
"142",2004,"Sweden",21.917266169518,7577769,0.466911457263983,69677774905.0878,100063138701.03,6052334362.96589,230935105934.221,3.6926745150198,9.7277895091019,123266731750,100432895530,100,1.47,6.06224140440501,84.258,15.742,256.516,26.7203882559046,16.2131559579528,26.6158688703839,23.6977151211834,11623925,13120,5100,1.51
"143",2004,"Poland",124.644083178272,23506503,-0.240274327668896,42237806211.7235,73902559055.1181,8333059930.00875,143416447944.007,5.35033123333122,9.25854474499858,75046614518,89696102209,100,1.47,7.97271580999136,61.564,38.436,77.109,35.9367945823928,38.6611210140622,27.8603023701063,22.3551542513168,3493094,47847,18626,1.2
"144",2004,"Belgium",344.159081902246,10144456,0.487253604294571,59331015644.4003,84653836602.9302,3770797119.44375,243142537869.382,5.63235805652958,9.45030774941647,306866447930,285620592677,100,1.47,10.6612902219787,97.345,2.655,712.952,28.0659934505517,17.7066677986402,27.0010381562027,23.5676898627697,3264582,8725,8676,1.5
"145",2004,"Thailand",127.23332028421,23567209,4.19901992428284,51184066589.7609,65749209395.7596,16069205218.9825,91077061537.8495,3.21323236019285,14.255141990001,96248200000,94409800000,89.0770721435547,5.84,3.74122706649869,36.256,63.744,1868.578,19.7051553617844,53.0483381518954,22.9782628583055,47.2733861473203,20342582,4085,9332,0.54
"146",2004,"Iran, Islamic Rep.",42.7423929860753,46552259,2.20998042096155,29841445316.8406,90214516019.5753,13093191509.0607,86037754854.1069,78.5465867482298,7.79992267706656,4.1697e+10,3.1976e+10,98.1697616577148,13.84,6.42136251007296,66.869,33.131,89.034,NA,NA,NA,NA,11877705,18182,10012,0.09
"147",2004,"Austria",98.9581738919835,5378625,0.629535581992001,52166141047.9265,82368822945.1204,4442773777.00521,181500211075.242,3.17369261681769,9.2351142713093,118375557452,119905323989,100,1.47,8.85836370342216,65.818,34.182,502.302,NA,NA,NA,NA,7619372,19027,8259,1.32
"148",2004,"Egypt, Arab Rep.",75.7264543673715,32399894,1.98169502851183,13590518431.8695,27333983200.9228,11251157576.6438,35552143750.7108,43.0339908962855,8.59698344761793,9661403853,1.595e+10,98.2502136230469,10.63,2.0019622747896,42.981,57.019,241.872,16.8310436572347,43.6061909101264,28.5930914682766,39.9779120161979,4621310,4188,40837,0.28
"149",2004,"Nigeria",148.658405524995,51736609,4.82484711864357,2628652098.00734,36143156793.6909,29376307040.5153,20350343103.9673,NA,NA,3.8631e+10,1.4164e+10,46.830020904541,NA,0.770377149835484,38.212,61.788,9.809,NA,0.631830639612915,20.1682776355413,NA,540461,57.214,973,0.39
"150",2004,"Norway",12.572136511109,3548398,0.649155016549378,22562158794.2084,92568834559.6962,3667368858.29575,138494689057.679,63.6123882669964,4.41934510118528,8.2527e+10,4.8534e+10,100,0.44,9.28746643553554,77.275,22.725,176.585,34.8885166900421,11.7791255131321,55.2659016870651,34.8995151479586,12277222,NA,NA,1.61
"151",2006,"United States",32.5673998463204,238999326,1.17796815968651,1.787572e+12,2.990419e+12,1.41596e+11,1.0255997e+13,3.6956647419034,17.9736785784276,1.025967e+12,1.918077e+12,100,1.61,19.0940665201349,80.099,19.901,39881.895,26.8331777204896,26.4493017943796,14.4549065579255,24.8428204057831,725530965,2839124,8660,0.63
"152",2006,"China",139.645342881819,575118254,3.67472809325703,893130831640.204,1308874424213.01,292434931645.22,1150822417495.67,1.81100029897547,12.3620233768158,9.68978e+11,7.91461e+11,97.5912551879883,4.24,4.98031419657976,43.868,56.132,7692.205,24.2412717730869,36.3120821509328,22.4780924683364,34.2553664405591,158013351,2055716,635327,0.69
"153",2006,"Japan",350.765432098765,111305857,1.31053642871314,979190760391.507,1358324598686.32,49575534848.4471,3123790083001.36,0.918739056470264,27.7569781021735,646725059000,579063945000,100,1.47,9.63204861795485,87.057,12.943,8480.024,19.2311121922933,7.90216779528306,35.1232867905535,30.65114914826,102845319,23014,249029,1.09
"154",2006,"Germany",236.225197866483,60541749,0.0765120220134956,628360306109.647,818189687617.614,21190565801.0287,1876680466691.76,2.51923552669327,12.0323495799392,1108106645279.96,906683883872.762,100,1.62,9.91147601151208,73.494,26.506,8133.987,33.1907535686689,18.7745597932414,23.9488832711286,23.435545244655,99647314,89690,74727,1.55
"155",2006,"France",116.191338983887,49228312,1.01691847691652,266585121063.856,442465186300.339,35351900639.8193,1604205244009.53,4.29418425785262,14.8565832917175,495867839696.994,541919318880.652,100,1.62,5.90626638550961,77.377,22.623,6135.028,22.2625956959066,28.2633604408193,22.3904784672485,27.9604028121505,59537872,42124,78465,1.48
"156",2006,"United Kingdom",251.50589013351,48798541,1.08979547464129,256566697332.107,531646734130.635,15137074517.0193,1879306347746.09,9.50949565013622,9.48920910387108,450907024800.572,612671005570.301,100,1.62,8.89871022018899,80.199,19.801,6215.321,36.1509369008856,13.5771335866083,11.3305890148545,18.8845294210683,97544631,22180,46764,1.63
"157",2006,"India",390.818521184317,343585192,2.6848755372523,160020101596.703,290659787964.508,160080922246.655,393276182939.038,14.7541395795787,37.2335231851021,121807700000,1.7841e+11,67.9,8.99,1.12198150419096,29.569,70.431,842.55,11.7934137293031,12.4828802767486,12.5084235827367,43.3475291774696,40288794,439596,615634,1.01
"158",2006,"Brazil",22.6141715740583,157150590,1.48694978579685,156276375672.321,260783340228.934,48404358019.5835,632885119293.891,7.7084393845737,18.8261280811515,1.37807e+11,95837900000,97.594314,6.7,1.83939385948897,83.143,16.857,1412.26,22.0135979348983,25.4199896365452,20.3471612919078,25.0900370527847,40945038,232300,NA,1.26
"159",2006,"Italy",197.674505337594,39454178,0.47460792573121,302956592648.35,455163718479.488,37682599422.908,1247430184418.52,3.61737346769741,12.2462920050993,416875378360.798,442554655426.103,100,1.62,8.07214559567724,67.856,32.144,1377.204,22.1650476103628,37.8594766952424,16.3103659124241,21.9430689528051,36709131,21852,47642.1,1.56
"160",2006,"Canada",3.58173081681331,26125779,0.910354880148743,NA,NA,NA,NA,21.4012761407012,9.30000711497645,388177873000,358999500000,100,1.48,16.696694355829,80.213,19.787,1503.185,28.5519702834597,22.4108634641858,17.6626713545483,23.5569795454104,46726978,352069,2885,0.84
"161",2006,"Korea, Rep.",499.982369942197,39490771,0.749916123325417,253764988235.639,336282880904.24,27268913965.9433,548822490378.779,6.34693559076017,27.6888195828589,3.25465e+11,3.09383e+11,100,7.39,9.71660567635209,81.528,18.472,7751.658,27.0254620483148,10.2784041132287,46.7240661218745,34.2426545704815,34842655,10554,31416,1.65
"162",2006,"Russian Federation",8.73438752843799,105152847,-0.26608259956087,151372532860.138,314602505968.887,38224311485.418,492208072663.749,62.875068336523,1.47085919774145,3.03551e+11,1.64281e+11,100,NA,11.6691220679875,73.508,26.492,1926.295,38.650601855659,21.4973750040866,28.5174776139762,14.392255325094,28836949,1950000,173699,0.77
"163",2006,"Australia",2.69423219608711,18245199,1.64553820402891,74072327044.0252,191832884097.035,20479934112.0096,475807876609.763,25.4868889907154,13.71145386531,123437404000,1.39253e+11,100,2.4,17.6513983061083,88.15,11.85,2569.506,38.3378867164229,53.8743843393024,17.9231214429451,34.6077552434905,46951775,46486.4401216511,1309,0.93
"164",2006,"Spain",88.9761493446631,34408810,1.99920810283443,175163718479.488,342122694768.536,29792999623.6357,757292685986.702,4.44718169064522,15.7264593877906,213716850868.687,328696299100.56,100,1.62,7.88419571010583,77.502,22.498,1100.205,24.2671973340346,51.3870510556586,NA,NA,53122464,11540,21520,1.15
"165",2006,"Mexico",56.6333383060264,84349477,1.88668323351353,168138821840.135,338248429334.263,29667755339.8415,560592571473.136,15.5256138582314,5.69752130419917,249960546000,263476034000,99.11416,2.38,4.35317357755684,76.617,23.383,456.958,34.3690254665186,76.4927760380452,9.53867877604325,37.8925648960706,21243010,54387,76,0.74
"166",2006,"Indonesia",126.87238251903,107407989,3.08501466559248,100393875451.43,171142373535.353,47298659298.4605,146129481471.036,27.2436444077949,31.5112003475199,1.03527e+11,80649687000,90.62,3.42,1.50157677007933,46.732,53.268,469.222,18.8849997178172,50.9976402064807,24.1007673349491,38.331920866511,29867483,4698,25535,0.57
"167",2006,"Turkey",89.3460558969895,47021792,2.13837117055343,94330922646.1323,144247629681.484,45093170458.5229,293861383969.198,4.1712527742206,15.0774164820217,8.5535e+10,1.39576e+11,97.6666488647461,1.47,3.80456408463193,68.382,31.618,463.902,27.130797857856,67.7783817362945,19.4673085882901,42.8428791867115,19361415,9544,5277,1.88
"168",2006,"Netherlands",484.185456161137,13671225,1.37073677080826,88142014803.6633,156112156567.557,13677079412.8717,477539831890.603,8.45290515059673,15.6531755337333,463629451686.506,416832498729.322,100,1.62,10.9897152843972,83.636,16.364,4959.004,13.5358350626139,9.55975816370693,19.581012450016,16.3548624634522,27454451,NA,15414,1.7
"169",2006,"Switzerland",189.385176000202,5501590,0.679269753268039,84007688786.0903,113100477109.587,3511594672.19652,297687312888.818,2.58917620606504,8.04134650592706,147856286000,141399528000,100,0,5.59217531848891,73.512,26.488,1039.027,18.9749171798027,15.4738811760852,12.1734174715633,14.6276272150747,10647142,11695,14863,1.27
"170",2006,"Saudi Arabia",11.4334164460922,19958564,3.05236254906566,36173831775.7009,236983978638.184,11113217623.498,128803204272.363,91.137635840112,0.250407240278678,211305474000,69799700000,100,4.12,17.6065466445382,81.204,18.796,1066.281,44.0132251758359,34.1268683690552,16.4614034467986,19.0492610784794,16830838,1270,369,0.16
"171",2006,"Argentina",14.4550131728475,35708228,1.25236009011313,41576107685.8108,67914347258.316,16129176942.5676,113369649233.368,15.4073746769171,4.78385864571225,4.6546e+10,3.4152e+10,97.2509384155273,5.49,4.43482145227027,90.266,9.73399999999999,124.583,37.0266533328916,43.0369689103441,18.4947858175586,27.126170507878,6611915,12628,NA,0.62
"172",2006,"Sweden",22.1292221084954,7666670,0.694032980903411,76203410045.8106,111645794367.19,5010436149.73842,253494348215.012,5.43784810408795,12.4320220796555,147792821570.42,127547064370.072,100,1.62,5.45900321623082,84.43,15.57,NA,23.2904202992581,19.4993336681436,22.7452234539378,24.7680792863716,NA,11500,5680,1.46
"173",2006,"Poland",124.514452206843,23396235,-0.2441598232723,56775181305.3989,100096373892.023,9204834810.63658,192915390813.86,4.37228111962669,10.4009873427343,110780247870.497,126989333413.093,100,1.62,8.36209746257249,61.341,38.659,79.824,36.8370053039576,32.2983297796731,31.272210376688,21.8839249286006,3625982,42651,16976,1.3
"174",2006,"Belgium",348.347357992074,10278774,0.711902507086518,62248274996.8636,91342742441.3499,3702170367.58249,271064483753.607,7.87663457650986,13.4036999873028,366744599603.075,351635052756.58,100,1.62,10.1510389973111,97.448,2.55200000000001,740.386,29.1614228355308,17.7054181807062,28.0967394222726,25.1940421890215,3641155,9835,9607,1.63
"175",2006,"Thailand",128.842146058838,25542409,3.97246124624486,67274879890.1853,87084208859.0888,20858877567.1823,113815400454.042,4.67879809970124,20.2299981963699,129721710000,128773170000,92.3964309692383,4.61,3.82910412656361,38.804,61.196,2106.87,14.1788852372498,54.8650824064248,22.022797691572,49.787339379346,20102408,NA,9195,0.7
"176",2006,"Iran, Islamic Rep.",43.7313539134065,48605193,2.1411045914681,40034063175.0744,128515590798.03,18955719064.4159,123696190364.068,82.793510425791,4.00660051201346,7.7012e+10,4.0772e+10,98.4,NA,7.15083708794927,68.239,31.761,91.86,NA,NA,NA,NA,13623038,20542,12578,0.09
"177",2006,"Austria",100.128856866069,5443164,0.502402279693564,59886488520.8882,91591092711.0777,4378697779.45051,203962476477.23,5.27891112351515,13.8483316608218,136751328373.461,137211935481.216,100,1.62,8.72729787156076,65.829,34.171,571.977,27.422224698531,36.580620880371,26.0822025061719,29.8244537628885,8785116,19525.9,8766,1.32
"178",2006,"Egypt, Arab Rep.",78.5162971520418,33665447,1.88942838745238,17173328229.1322,38860568306.3913,14227879378.4475,48034609963.6326,56.3862260384223,16.3585329295645,16728100000,2.73e+10,99.04,10.01,2.28491225993438,43.073,56.927,309.434,17.3392818957641,47.9407845292004,34.6671971806969,43.9833984564841,4988262,3917,40837,0.3
"179",2006,"Nigeria",156.586288525094,56964348,4.81000652916307,3719532194.28892,60486496719.4371,46174646662.2672,37640059012.0457,98.238856362994,2.87476905603492,5.8726e+10,26522541000,48.9304161071777,9.4,0.693421338847477,39.943,60.057,11.269,27.0660299216479,8.95580075917753,88.8230794337343,27.3625114367075,1307541,77,174,0.51
"180",2006,"Norway",12.7604128735506,3630155,1.31899028191081,28679618916.9382,137070774796.127,4853507554.61307,166247017915.894,67.8271627141546,4.59813934085889,122208315000,64260929000,100,0.37,9.49583569082346,77.889,22.111,NA,33.9712748082461,11.918026451967,50.6872070058944,28.3545849295182,NA,NA,2492,1.8
"181",2008,"United States",33.2436868537795,244607104,1.15618567133535,1.798074e+12,3.08411e+12,1.64224e+11,1.0997687e+13,6.50615173993241,23.1823522370172,1.287442e+12,2169487100000,100,1.49,18.4617638680802,80.438,19.562,39313.596,24.3429999342408,26.0377431944485,14.5935161123926,22.0916683106464,701779551,2788230,9935,0.56
"182",2008,"China",141.097705219827,616481190,3.43395768889026,1475664386144.17,2158052063229.09,471357445359.564,1968796582795.34,2.20549741666138,16.2511209979917,1.430693e+12,1.132567e+12,98.5765914916992,3.71,5.7019150246668,46.539,53.461,11386.055,23.2555591561115,28.2304458952865,26.5539929522293,32.3705749013967,191001220,2511804,772834,0.99
"183",2008,"Japan",351.338820301783,113859533,1.06131018989287,1079536955964.38,1461259971265.34,53321658870.2538,3514749974603.21,2.38391537313833,35.0959464760139,781412163000,762533921000,100,1.27,9.44953397156087,88.909,11.091,8172.807,15.7743212544984,7.79924420585953,33.7611472817414,30.5040461969063,97022471,23032,255865,1.42
"184",2008,"Germany",235.522178240542,60675256,0.0808778444682869,759815438699.282,1014876226746.74,30196279478.5411,2330736780430.64,2.56647129988209,13.5988499735705,1446171446713.66,1185066986511.34,100,1.15,9.50632117752826,73.895,26.105,8352.882,31.9180963144182,16.8936870065219,25.8466245372441,25.9541949107209,107941584,91178,76997,1.56
"185",2008,"France",117.567648664888,50124942,0.871427828825695,318158781309.506,543994433865.534,44379668961.4765,2042759630877.4,5.05491332656573,17.082649812577,616240123236.515,716794915794.77,100,1.15,5.69050141507597,77.864,22.136,6187.796,21.1079152624804,25.6490610701532,21.7908370311382,25.5983888103915,61214656,41530,88283,1.52
"186",2008,"United Kingdom",255.474703426611,49913475,1.13186919618862,262647058823.529,549463235294.118,18308823529.4118,2046762867647.06,12.8797940934264,11.9642399136746,472167687885.443,657782671791.372,100,1.15,8.42442398307829,80.757,19.243,6283.831,35.8874009806975,12.3892059323026,12.5035469884692,17.3245830076661,104713553,12512,51759,1.44
"187",2008,"India",402.647293311225,362089053,2.60016975858339,202935990668.267,376258424419.919,205462659865.72,532261440106.884,17.7100786693056,39.1636757235686,194828300000,321031500000,70.6152496337891,5.96,1.31009783272163,30.246,69.754,1233.937,17.4459027788448,11.1973483245211,12.1173997477151,25.8418341319189,49877935,521371,769956,1.09
"188",2008,"Brazil",23.0887528804255,161618007,1.37691931677071,236655033264.26,391485985385.538,77463191187.6977,963310611844.258,9.45941164264534,19.8455554822392,1.97942e+11,182377400000,98.526625,6.74,2.00867025815536,83.749,16.251,1807.062,24.6921156179002,20.0715406683497,18.8230433301165,23.444455686099,58763225,267700,NA,1.26
"189",2008,"Italy",199.995685727885,40056298,0.835914949481381,368995898637.762,563855280503.882,44633660465.7976,1549186172550.17,4.62527263320924,14.1769255553085,542748079897.172,561919387570.939,100,1.15,7.60176496973799,68.092,31.908,1279.021,23.8391894795791,40.2700385166741,15.9085092845761,23.1425006213691,30672048,19918,46998,1.57
"190",2008,"Canada",3.65598905153236,26788779,1.30831924280004,169518275538.894,460402061855.67,24749765698.2193,968388003748.828,29.6957083180604,12.6577421827495,456470923000,419010600000,100,1.57,16.8751978785393,80.578,19.422,1388.665,30.6080341337187,21.1971461853316,16.8992167847682,24.0597494014691,53718757,358154,3056,0.76
"191",2008,"Korea, Rep.",505.562279707307,40093884,0.88418882208575,258554832567.44,327950076888.756,22669728968.8359,553386802936.754,8.99342077969794,32.4680097707453,422007328000,435274737000,100,7.16,10.3474228610228,81.733,18.267,8726.809,19.6577264287188,10.818634614083,49.8649126953218,38.547039405818,36077655,11566,32025,1.51
"192",2008,"Russian Federation",8.71609471162683,105055515,0.0172199979291095,248016763033.69,511322812573.18,62337231538.3718,841977499120.827,65.6620023276597,1.66432000614684,4.71606e+11,2.91861e+11,100,8.73,12.0145065077043,73.598,26.402,2399.593,30.6046986057305,20.9478836465527,26.6041230329446,16.9492667245763,37940321,2400000,175800,0.89
"193",2008,"Australia",2.76599455892116,18793855,2.1703666679718,97362578334.8254,270320501342.883,24571172784.2435,680016114592.659,34.2671745411701,16.3122876211282,187256679000,2.00273e+11,100,2.3,18.1608756564953,88.445,11.555,2212.439,40.0237960532227,55.7091170338641,17.0694951354709,30.4413912033939,51488427,61019,1526,0.74
"194",2008,"Spain",92.1293223736969,35833174,1.89844652332989,217870221180.606,435125238025.487,37441042917.8263,1029770030760.22,6.37324118148115,19.4396422374915,281493198693.233,420803104709.326,100,1.15,7.16553160668603,77.976,22.024,1306.438,23.3081068336096,48.6707532351567,NA,NA,55213716,10224,23344,1.23
"195",2008,"Mexico",58.4695125903444,87777605,2.0135062998516,182148203096.22,392212466553.456,35309485700.4232,645391016559.296,17.3876831799887,9.50310121450823,291264809000,318303730000,98.914037,1.87,4.33964443588963,77.227,22.773,482.785,32.448273053111,74.9771438288092,9.90928617899398,44.9375212370318,18825976,71136,84,0.74
"196",2008,"Indonesia",130.361661983804,114128693,3.01860246603222,141916385386.581,245219682002.07,73889985655.6822,191118967621.537,29.1000092316725,23.8505819854307,1.39606e+11,127538457000,92.73,4.29,1.7638951391433,48.327,51.673,394.583,19.6825421839243,55.343220878335,21.0065569010586,49.2380953528708,29766093,4390,14344,0.5
"197",2008,"Turkey",91.5245403635513,48999495,2.05105483718311,124496156742.22,200535280061.468,57204260468.69,422736046868.997,5.84854502681305,7.76370452542183,132027196000,201963574000,98.8096923828125,1.97,4.03151171197651,69.562,30.438,480.667,22.3730400187222,63.7534448416055,22.7755191137548,47.3964427802481,25505092,10104,5097,1.87
"198",2008,"Netherlands",487.132494075829,14044865,1.40494528793482,108245202870.954,202273326497.73,14792734729.7495,619153361652.263,10.5942695133466,14.9911760512196,637917915395.032,580936893874.027,100,1.15,10.7640240154308,85.402,14.598,4903.379,13.6500972086172,9.56678244811269,19.6031930518688,16.382724542609,29601230,NA,15313,1.68
"199",2008,"Switzerland",193.533631946553,5627771,1.32226082224108,110636014680.085,146921537254.178,4634357215.40024,381831097220.94,3.09112290203604,8.98680996318951,200758777000,183573881000,100,0,5.28304432392851,73.588,26.412,1181.567,17.12100629309,15.2543103411339,13.0417012416603,15.823456765007,14352757,16227,18367,1.3
"200",2008,"Saudi Arabia",12.0672143425331,21180379,2.96106312691263,46693333333.3333,346998933333.333,12042933333.3333,160754666666.667,91.3696649972318,0.250583208615519,313462235000,115133874000,100,3.25,16.5829992710317,81.649,18.351,1382.547,30.5190403511441,64.7154650887986,26.1638612411259,31.582577113452,16708204,1748,337,0.16
"201",2008,"Argentina",14.7559237619168,36595329,1.22140899134638,59795791835.7078,94990190458.2193,26462268578.7967,181701686479.857,9.44740436504896,7.24701445453369,70018300000,57461700000,98.0248184204102,5.26,4.68291239530182,90.622,9.378,131.685,34.533729235574,41.3744956041349,15.3874114803963,29.1689602353657,6147290,12871,NA,0.78
"202",2008,"Sweden",22.4682872739679,7813274,0.96565304883884,86555658387.826,132869627224.591,7279665002.80682,313797545174.554,7.22590255276075,14.4826483714949,183327276526.893,168502551409.131,100,1.15,5.32809827545271,84.746,15.254,NA,22.0455682842403,16.9188633754323,23.708814911973,26.1268210833755,NA,11500,7156,1.38
"203",2008,"Poland",124.471952334313,23300939,-0.171087005249751,86991947534.4513,155382699651.337,13537273783.8287,297549809065.25,4.17342098350668,11.3578334242238,170457981828.511,208804296033.604,100,1.15,8.25816005394148,61.116,38.884,78.921,32.563950812126,30.9958843421501,28.9197053503552,23.8245544814888,4634676,39200,17958,1.43
"204",2008,"Belgium",353.697919418758,10447150,0.840217047745315,73678482495.9719,112887359015.673,3671451589.27787,347786875640.838,9.200623673449,15.2880785739901,471840252738.725,466307389646.159,100,1.15,9.75198480892529,97.546,2.45399999999999,981.682,21.9192907294653,12.6732510704633,31.2374588217827,26.461187259269,5878585,7882,10403,1.5
"205",2008,"Thailand",130.254575348901,27562588,3.75392464534855,89483149372.773,115345432604.996,29358124232.6638,146679524394.161,6.41184581388115,21.4186485498908,177777630000,179224720000,95.7572555541992,4.29,3.79353416355903,41.419,58.581,2288.961,10.9450413429791,55.4092908414249,22.2119639752591,50.1746072891965,19993134,3161,8037,0.87
"206",2008,"Iran, Islamic Rep.",44.7245401409661,50597057,1.98320369490215,52661139742.4379,193569103231.314,24862800799.7493,188283617386.463,NA,NA,1.13668e+11,5.7401e+10,98.5919418334961,14.28,7.43467454741431,69.458,30.542,97.324,NA,NA,NA,NA,12029236,21829,13900,0.1
"207",2008,"Austria",100.771343457095,5478956,0.322148960221041,74946360041.0136,116008261315.365,5775509008.3492,262594111615.644,3.37586729516557,12.1748410898823,181288995152.223,184293265471.038,100,1.15,8.29509597793474,65.841,34.159,420.794,25.3232739159445,34.6278819971237,25.0086715595174,31.0755679815518,9140680,18710,10275,1.37
"208",2008,"Egypt, Arab Rep.",81.3239047666884,34857122,1.7189730353768,25273236363.6364,58960618181.8182,20564327272.7273,75984472727.2727,44.4180331789989,11.1233829094537,26223758000,48381500000,99.8,8.02,2.45308047677171,43.058,56.942,195.482,17.8469543924089,44.531693395385,33.0798294118601,44.8203244566881,6688999,4188,40830,0.49
"209",2008,"Nigeria",165.07723135369,62697869,4.78911080467947,4939627233.31028,85019875322.6596,67327428424.4091,52605448770.9412,91.7434092988988,1.61078012697551,86273500000,49950644000,50.3,9.79,0.639510536232122,41.702,58.298,10.036,43.313307168706,31.0293611339762,65.9427439814056,30.6012737616527,1460900,NA,NA,0.59
"210",2008,"Norway",13.0548316883188,3744286,1.618866751592,35779078014.1844,186262765957.447,5214184397.16312,224865780141.844,68.8966734221292,4.76270180543375,171764345000,90293251000,100,0.41,11.6795832483958,78.526,21.474,NA,29.6520965298458,11.4493919707758,47.6281413858402,31.4588384346389,NA,NA,2705,1.63
"211",2010,"United States",33.8180812731896,249866722,1.04214945972555,1.805882e+12,2.95861e+12,1.70356e+11,1.1380637e+13,7.17732035353597,18.5881076912138,1.278495e+12,1969183900000,100,1.57,17.4416151349557,80.772,19.228,39353.2561,22.9555506676808,25.2066982371317,13.1828768862249,19.7768125697295,720497000,2468738,9518,0.76
"212",2010,"China",142.487743405,658498663,3.25536549409244,1924324261142.05,2830447191317.96,581400903183.02,2688772394366.57,1.68860853471887,14.5301593955416,1.577754e+12,1.396247e+12,99.7,3.69,6.56052000702696,49.226,50.774,17193.8774,39.2598577050965,39.2991737452282,29.3457203835066,45.2523347628074,266293020,2451185,791158,1.11
"213",2010,"Japan",351.30983404197,115931525,0.88224889806462,1187502260626.37,1621370502065.54,62829891247.8515,4002025521225.68,1.73729901582953,28.6835408276725,769773832000,694059160000,100,1.33,9.14831603810416,90.522,9.47799999999999,7698.79769790059,17.1355364586589,10.0203514677605,32.0453021824421,28.5247036083985,109617020.965748,20432,244235,1.6
"214",2010,"Germany",234.606908225034,60752899,0.113677273516088,682310369259.89,927470607087.017,22117888419.7412,2125321142497.49,1.93436689604998,11.4733344962772,1258923741312.67,1054813870145.5,100,1.58,9.27963401169499,74.291,25.709,7487.48100076523,29.6304724046185,15.5268361524717,25.0101239455737,25.5091358835986,97330734.2807591,105794,78582,1.9
"215",2010,"France",118.7593382972,50945804,0.79956370185802,268354883329.818,467557592524.309,42503429650.6787,1875203583930.54,3.65886902474076,13.983586438729,523767039369.762,611069803832.687,100,1.58,5.42898086189895,78.345,21.655,5079.71814764909,21.1702345163514,23.1524453297757,21.4454919983926,23.5827495146058,60864422.1135135,22840,86853,1.98
"216",2010,"United Kingdom",259.440189310958,51030310,1.11777108530512,218043114274.39,439267726867.794,16096001937.4283,1741906641078.36,12.4376307747747,10.1962393371383,415958982008.248,591094912207.81,100,1.58,7.85783648614987,81.302,18.698,6082.73941307418,31.040499941769,13.0297536477323,10.9044272138057,16.6885102457369,101515720.193399,NA,55019,1.92
"217",2010,"India",414.0269175532,380742328,2.4819485637256,268485238711.037,498354783111.878,290195450439.18,748446066614.43,16.9452749674938,35.5549538294324,226351400000,350232800000,76.3,6.07,1.39700890564172,30.93,69.07,1630.96414222155,13.4119841278777,12.4286433332196,11.3868362691519,18.2731443785934,64374253.8038964,600548,903465,1.15
"218",2010,"Brazil",23.545462148277,165968133,1.31594516325488,281008981355.161,513959754433.834,90912346521.146,1272595497953.62,9.90578755643656,16.4061378816262,2.01915e+11,1.91537e+11,99.1600646972656,7.76,2.13293757108779,84.335,15.665,1302.474647875,27.6157675492879,17.9720628331137,16.876776518029,19.1629688299828,74627064,267700,NA,1.58
"219",2010,"Italy",201.527901679472,40502481,0.480438950517546,302338290453.299,465914776428.75,37635772446.5425,1407920412153.57,4.68604270470636,18.6273029800428,447300926692.227,487048665140.744,100,1.58,6.83837457020099,68.327,31.673,784.96985,24.2542600853158,38.6353409117911,14.9796643171294,23.5982874678719,32645164,12037,44535.4,1.87
"220",2010,"Canada",3.73951026611287,27522849,1.33536705317397,167004674258.09,431006640258.261,21485924716.2237,1057106719461.91,26.2948484998336,10.4341619871962,387481217000,4.0269e+11,100,1.51,15.723167000507,80.937,19.063,1957.32853635002,30.8285410442154,21.0224008672321,16.4495688064278,22.1759701835527,63277409.3753385,322741,2875,1.21
"221",2010,"Korea, Rep.",509.658665021084,40602657,0.621566983144705,304283770493.08,379076796120.62,24477428094.1923,586985288838.565,6.87632892286737,28.6214763059691,4.66384e+11,4.25212e+11,100,7.17,11.4363166269633,81.936,18.064,12942.727326,19.4370156463952,12.5577097278204,47.6824308304,31.5771102332355,36987982,9452,33027,1.52
"222",2010,"Russian Federation",8.72263436175533,105261473,0.105974278286512,195425347910.129,457468961199.161,50991688526.3716,810039395717.188,65.6224319874868,1.38719521175854,4.0063e+11,2.48634e+11,100,4.95,11.6943481245069,73.687,26.313,3531.583,36.4532162995979,18.1531704788009,30.5723823771082,16.251977962355,43855539,2011308,139028,0.84
"223",2010,"Australia",2.86785858401781,19549433,1.7167787678767,91722892627.4993,287855192460.143,25257641152.1184,750194662203.823,30.8231997713788,14.035724868514,212634216000,2.01639e+11,100,1.87,17.7408450531619,88.733,11.267,2938.314378037,44.403022073967,62.3522180245732,12.9449256399459,26.605891173389,60640913,64172,1500,1.27
"224",2010,"Spain",93.1519309613808,36535850,0.756607893274885,174077052834.557,341044595187.846,33445690794.235,936534968065.742,4.93498970540535,18.4800495381906,254417586229.526,327015566420.006,100,1.58,5.81641636625128,78.442,21.558,1235.86488460144,24.7957065382995,48.1011711714238,NA,NA,52847712.6083233,7844,22304,1.56
"225",2010,"Mexico",60.3508017181512,91303466,1.94168810842867,174061798353.909,353714493114.91,34883917062.3615,619527457185.818,14.0422962992846,8.03600735792378,298305075000,310205064000,99.236696,5.37,3.95765766416183,77.825,22.175,908.948170756014,27.1438155638224,77.9465984455871,6.75898320777352,39.5428008219458,31269061,NA,178,0.81
"226",2010,"Indonesia",133.875104467396,121077743,2.93681868595965,166412397525.649,322998068749.924,105178671736.143,307066517940.349,29.726910487277,20.3930524268421,157779103000,135663284048,94.15,2.46,1.76790787941536,49.924,50.076,665.663628453711,24.6216971722333,43.1755132232431,16.539665462483,33.3937795496838,59384361.605798,NA,NA,0.79
"227",2010,"Turkey",93.9762145446513,51145977,2.19007617771573,116563118559.032,189895285766.051,69670113763.1546,419086152492.767,3.90451500301222,8.25986585574503,113883219184,185544331852,100,2.35,4.12021480689747,70.715,29.285,1149.281,28.0650564651213,62.7884348067834,26.1829302196275,43.648349273248,45665249,11030,5491,2.52
"228",2010,"Netherlands",492.599881411207,14465528,1.45809589920064,88768224757.1696,166453665664.256,14340868012.5124,571156722342.812,10.0089384279926,15.6983796015508,574251148595.473,516408787335.954,100,1.58,11.0170708560989,87.061,12.939,6444.38161844899,14.1905319297438,9.40315243324345,19.3231142066314,16.9268057652049,26979676.6296817,NA,15400,2.13
"229",2010,"Switzerland",198.018751897965,5764063,1.093155085224,109709879957.094,149451649856.948,4081335082.81687,408678184017.526,2.90526019206708,7.5153010617936,195609280000,176280626000,100,0,4.98342894466888,73.663,26.337,1282.496418,16.1375454517284,15.8639427420498,11.172246527694,14.3431590140035,22146864,8725,17609,1.66
"230",2010,"Saudi Arabia",12.757967893045,22512092,3.09065008508073,58178933333.3333,308389600000,13946133333.3333,205871733333.333,87.5410339735472,0.254481075526371,251143033000,106862965000,100,NA,18.9053424973007,82.084,17.916,1324.861,41.4443862576854,64.8428905966214,19.6739049228557,24.9500092561605,20323592,1748,337,0.16
"231",2010,"Argentina",15.0634120050134,37499723,1.22319560825808,67123175368.3781,107003102712.487,30213817111.0998,218147704405.241,8.12833646033273,7.94646974360173,68187300000,56792500000,98.82,5.98,4.55849961171786,90.966,9.03400000000001,193.301253837474,34.7048606765941,39.498424443444,15.6519301546612,25.8376626589977,9025035.31187357,12025,NA,0.96
"232",2010,"Sweden",22.8545255154262,7976659,1.03375039522615,79813676194.1716,124224071858.24,6974794511.61512,298183946429.131,6.86892311056338,13.4243613979155,158549372796.377,148945624582.844,100,1.58,5.54734805226545,85.056,14.944,NA,23.9747546419513,15.5736762407484,20.2405762076808,23.9062276362654,NA,NA,6774,1.87
"233",2010,"Poland",124.209200731357,23165018,-0.469373364884263,74558145704.1483,139832874622.807,12297310740.4583,269488675929.303,4.09959316098988,10.9299301219727,159723748403.502,178049065408.229,100,1.58,8.31337682505654,60.892,39.108,76.606040095,27.7337302999903,27.059255700924,25.0586340388256,20.2647163522216,4099082,34266,15715,1.57
"234",2010,"Belgium",359.827807133421,10638559,0.961788901955212,63664156515.8721,100230323771.529,3686667916.47853,328552226388.952,8.79120482657702,13.7932954184617,407692343024.775,391177100759.568,100,1.58,10.1714652153634,97.641,2.35899999999999,1067.351,21.5750515823403,11.7866364411838,27.5970828103725,24.3627011817296,7528586.30424955,5439,10493,1.87
"235",2010,"Thailand",131.552404627219,29625643,3.56537791991849,105987054096.959,136485291472.178,35901873715.9034,168717844327.252,4.83652062395281,18.0848130432231,193305550000,182920960000,99.7,5.02,4.19478193989097,44.08,55.92,2938.670391666,13.6990812365069,58.9577473662143,17.3421231945286,45.9078813206839,28780723,3161,8037,1.41
"236",2010,"Iran, Islamic Rep.",45.7817671111766,52664050,2.01312906645206,62266526094.2548,215330434444.453,31656554489.8056,235690621063.672,70.7749364827814,2.76054623440718,1.01316e+11,6.5404e+10,98.858757019043,NA,7.68472866152124,70.626,29.374,96.5379373693632,NA,NA,NA,NA,18760850.3814854,20247,16814,0.097
"237",2010,"Austria",101.28742536726,5507469,0.247989068758886,64578049123.4334,100069790283.185,4966565222.5306,244126286142.605,3.21849374372401,10.9715371801642,152559591130.979,159009055433.475,100,1.58,8.07113180231399,65.852,34.148,357.885,26.1936721182215,35.9505904923904,25.6475603462402,32.1431748502861,13493793,23104,10306,1.63
"238",2010,"Egypt, Arab Rep.",84.4920448038576,36182251,1.92579665398182,35245990856.977,78328132936.6519,29201364197.0829,101198026268.05,29.8310941608899,13.4430518640683,26437816000,52922828000,99.8406372070313,9.6,2.41019138031345,43.019,56.981,416.985098697369,17.2389903701822,53.0430180370903,33.5172326191888,50.6154308015611,9518106.01323615,3840,40837,0.48
"239",2010,"Nigeria",174.114497622891,68949828,4.74160067039564,23810308320.8027,91993465648.2455,86820135996.487,184546284581.298,87.1316790926798,1.40148075859644,8.4e+10,44235269000,48,10.7,0.577111379724362,43.48,56.52,0,28.0167854265418,21.7254289040038,75.2016179318622,42.8097714497309,4197375,NA,NA,0.44
"240",2010,"Norway",13.3862256841298,3867496,1.60915606479481,30836839928.3055,149071335998.897,6725492899.48986,226405239211.361,63.7573203232874,6.60923225174099,130656792000,77330165000,100,0.52,12.2934544997885,79.102,20.898,NA,29.9714394207215,11.386507485792,44.3173851715957,25.0974910599782,NA,NA,2674,2.12
"241",2012,"United States",34.3264416633324,254677805,0.953765833394801,1.956615e+12,3.214706e+12,1.94255e+11,1.2239015e+13,10.2660131159082,18.7612491457504,1.545703e+12,2336524020000,100,1.62,16.3040216236276,81.108,18.892,39111.3403776909,23.6559621455567,25.5112251726707,13.2492392388601,20.0364964364106,736699000,2524585,9518,0.97
"242",2012,"China",143.87139360204,700862129,3.05612962906583,2690090775153.27,3875659559590.01,806398091815.978,3878489663273.29,1.50167631444046,18.4361653999295,2.048714e+12,1.818405e+12,99.9468460083008,NA,7.42475091638009,51.889,48.111,15568.753,36.3863828398526,24.9409782849041,19.3992854021736,30.6363771106127,318475924,2518310,795639,1.37
"243",2012,"Japan",350.090520078999,117293604,0.55446129469206,1223988502003.01,1659238555640.36,70828020349.8558,4440608819040.29,1.71478661003982,34.1187884994709,798567588000,885843335000,100,1.22,9.63862828980874,91.902,8.098,7045.781,15.2643353414953,10.8916344796162,32.0754277325681,30.2779801185218,98907859,20255,244591,2
"244",2012,"Germany",230.750625466231,60068439,0.45586870100711,723735874196.406,977873900824.071,24910907612.2489,2181869408816.08,2.47305941284707,14.3188137723358,1401112687040,1154851859040,100,1.02,9.19929975724339,74.688,25.312,7236.98063027006,28.3874304097397,15.3867222222896,22.9624988552376,23.8435204516288,105978474.526384,105894,80210,1.96
"245",2012,"France",119.914071046485,51753046,0.783847098964326,272705569742.199,474001070200.637,43785532783.6918,1889338415901.97,4.45329150280097,17.4274178785434,568708368800,674415288800,100,1.02,5.07506388727506,78.82,21.18,4626.15380961188,19.717257982548,22.8516874780213,20.2619955865415,23.2857241765153,64683769.0243213,31616,85634,1.91
"246",2012,"United Kingdom",263.30054147894,52128504,1.01844338368102,234431254886.589,477111502489.227,16065158162.0461,1885348198487.35,13.9358588806109,14.0635080581263,472791881760,695220440640,100,1.02,7.35589827677421,81.834,18.166,6243.54285285133,29.8310554906567,12.8661518640379,11.6450355510255,15.9088729001875,115419920.565667,NA,64324,2.17
"247",2012,"India",424.818411201437,399520360,2.38986792053683,289076073030.063,537298622212.093,307872488771.18,846217297233.367,18.5080406377218,42.5537873458082,296828200000,489693900000,79.9,6.28,1.59809863737809,31.631,68.369,1579.229879,15.5797564245373,12.3916427266656,12.0711698131053,19.8264136877615,72151828.8895485,625723,978508,1.25
"248",2012,"Brazil",23.9958870035678,170278280,1.26689766870033,263182120731.145,545636168142.952,102757155291.588,1447894629051.25,11.0271428609977,18.0123651783403,242577900000,233398400000,99.519494,7.76,2.3435701150308,84.901,15.099,1363.447091,29.0626737699218,17.0567610172545,14.5514407608609,18.2498990940975,94752568,267700,NA,1.39
"249",2012,"Italy",202.419653906303,40820430,0.438879643251426,286282194271.578,444134963171.357,40727432350.026,1375644998309.66,4.71873266763672,22.9257745379274,501305833600,488599675520,100,1.02,6.20541385845015,68.56,31.44,795.11615,24.6885410753005,38.3316002977258,13.3461015101411,23.3500118723813,31072962.155732,11249,38676,2.28
"250",2012,"Canada",3.82146662839762,28249761,1.39954750507314,189341686806.285,493170301538.855,30051392423.0517,1184200203791.9,26.5579891082185,11.4958584016597,455591827000,4.76296e+11,100,1.45,14.8906356432683,81.293,18.707,1960,31.6775163913658,19.8320340409229,15.9981828804502,21.4771613579121,70467400.7928687,352535,2781,1.32
"251",2012,"Korea, Rep.",515.663615819209,41234661,0.652404132917945,344447543602.551,422937017098.002,27319926979.0216,660695332715.238,10.3903450256169,35.5806460009325,5.4787e+11,5.19585e+11,100,6.7,11.6328245622552,82.141,17.859,12290.68063,19.1521080872476,13.1268194357281,40.7337568011949,29.2153395723711,39969577.0157166,9996,21603,1.8
"252",2012,"Russian Federation",8.74414195142295,105662789,0.241513510611899,260788939529.439,646639124277.719,70730803623.8886,1195620209609.01,70.9337439453673,1.45593519465415,5.29256e+11,3.35446e+11,100,6.36,12.7849790249662,73.786,26.214,4132.144,40.1039911144271,17.5040999075894,31.1733219663938,15.4076194743827,58727125,2222388,144612,0.99
"253",2012,"Australia",2.96037319552738,20231555,1.88029608049298,109030727985.152,406646731284.801,35188698700.763,999248298618.272,30.3574429630395,17.3021008522649,2.56675e+11,2.6094e+11,100,1.8,17.0661408224039,89.015,10.985,2731.69798,42.7100986762787,59.929711373303,12.1385318591524,26.2801048418486,66355274,59649,NA,1.39
"254",2012,"Spain",93.5068371284061,36904876,0.355581830036495,161938887549.897,294347788012.3,30861104288.1476,900531622934.69,7.32175720933284,24.527678435311,295250252000,337338372800,100,1.02,5.66093880333453,78.902,21.098,1131.85052008716,23.9407989793654,47.3553606341771,NA,NA,48089178.327112,7507,22387,1.75
"255",2012,"Mexico",62.1560775740117,94737851,1.81836486825551,205306749231.178,418020926534.796,40495910323.095,691461046053.381,14.3703367972979,9.00469852013348,370769890000,380477174000,99.111637,5.19,4.10768631393635,78.407,21.593,763.886260561117,27.1662395279541,78.3299601894135,5.90804504211307,38.8538332842367,32909408.724554,69185,449,0.86
"256",2012,"Indonesia",137.385379532671,128144998,2.80281876361491,196891861883.71,400133862750.219,122755685289.028,375164409392.032,33.5908913595373,22.3718798496507,190031839000,191690908000,96,2.42,2.559750232591,51.488,48.512,880.340263956616,20.1272090865176,36.080526111272,16.5683915521901,37.1614463919618,79405799.80957,7166,20283,0.47
"257",2012,"Turkey",96.8905409092681,53566518,2.33978060502541,138781060654.324,234001081853.774,67757699894.0024,469628768642.868,5.2852416293154,9.07209534935585,152461737000,236545141000,99.9899749755859,NA,4.4194878877818,71.834,28.166,1933.67835962636,21.0791885490681,59.1965432675464,29.5223636575966,46.0354237462671,63350312,10691,4598,2.54
"258",2012,"Netherlands",496.884994068802,14840708,1.20674323721835,88750569032.8285,166109550130.326,13137715614.568,570896380483.416,14.0691250568321,22.1659692571767,655373781920,586926961280,100,1.02,10.1647588338308,88.575,11.425,6014.58854749604,13.6565593634795,9.30733353828046,19.8598288489025,16.9195700599537,31672223.9759589,NA,17098,2.33
"259",2012,"Switzerland",202.370204474137,5896805,1.11336779454388,125358357548.029,171420456781.372,4401488437.64355,469750988484.722,3.32804505727962,9.50573093613893,312464102000,295960914000,100,0,4.72357428746104,73.739,26.261,1371.470116,17.6495295755304,14.9668434245096,11.5771384156535,13.7635952031356,26386306.6034666,8110,17738,1.88
"260",2012,"Saudi Arabia",13.530489047258,23999153,3.21726082165315,7.2048e+10,461391200000,15303466666.6667,259280266666.667,88.5011830351775,0.467974578662679,388400800000,155592800000,100,3.57,19.4195057841035,82.51,17.49,1815.016,34.122419444222,70.2834113633036,21.5017263100951,35.8183225893985,26537661,1852,297,0.16
"261",2012,"Argentina",15.3823556924606,38432218,1.22797970739412,83081051122.8397,133378346124.392,31567304377.5225,292963866956.432,6.3748516179103,12.9120912036547,79982400000,67974200000,99.5730590820313,6.01,4.56938367601348,91.295,8.705,180.120460072137,34.1349372879861,35.6907809601995,16.4020358889354,26.2523303166699,9375669.73963746,12111,8588,1.46
"262",2012,"Sweden",23.3696027888251,8126023,0.919160786003843,82554493415.0831,129140510003.728,7141533125.56835,344008347335.966,9.2449477070139,16.1188163866072,172344742240,164435641920,100,1.02,4.94230082776452,85.363,14.637,NA,23.9260177514601,15.6674273485475,18.992220731824,23.2062670519933,NA,NA,6415,2.1
"263",2012,"Poland",124.300058781268,23099773,-0.151717511623253,81732575990.175,148801350936.445,13329137242.8615,281116978814.86,4.92076392389982,13.6728782353427,185374027520,199059588640,100,1.02,7.87983006352283,60.688,39.312,91.8311627817047,26.3970100669118,26.777661311947,27.2432537844624,21.5564530713123,4909100.39206908,32904,14720,1.74
"264",2012,"Belgium",367.51142668428,10875857,0.772080089298247,62713736707.3233,100012257403.501,3905980974.89357,341541417682.803,11.4665499919627,17.471833426263,445939176320,439128451520,100,1.02,8.54647821408693,97.732,2.268,1369.89982037629,20.6601161413203,11.9819215816173,25.5361844636569,22.6190317413209,9508165.31494536,5439,10848,2.09
"265",2012,"Thailand",132.795668343479,31670926,3.26154856824267,111758994437.492,148799154524.484,45747110165.9744,203013727716.991,6.16063955795477,20.1740883639281,229105650000,249115020000,99.8807830810547,NA,4.37176541487934,46.682,53.318,2758.43883609572,13.7453793703352,68.5530237368217,11.9944085829228,47.8740553636661,36392469.3545263,2455,7504,1.56
"266",2012,"Iran, Islamic Rep.",46.9397418895356,54869966,2.06223527885821,86499773450.3018,259554160488.573,45622828167.3736,288949544723.401,NA,NA,1.04e+11,5.7092e+10,99.1465682983398,NA,8.0016962450964,71.769,28.231,66.2338138748408,NA,NA,NA,NA,17687478.5197214,22604,17172,0.33
"267",2012,"Austria",102.114870266735,5552329,0.465047132895913,68399084745.6053,104951935685.606,5521309685.95811,253847146682.629,3.62450438619669,13.3990592967597,166611065280,178513067040,100,1.02,7.38707716295308,65.864,34.136,322.104,22.7018820948659,33.0294885289007,24.7045152496052,32.624865606632,14518841.0529716,21683,10353,1.81
"268",2012,"Egypt, Arab Rep.",88.2146335828018,37761457,2.21035677531804,45161915088.8314,109657463424.806,31493035282.3422,144635806155.643,31.5404707031317,18.7413467457542,29409200000,69200200000,99.99267578125,7.4,2.47192818505753,43.002,56.998,356.265453827017,16.8303657517516,46.5890822510417,41.5585937316917,48.5556341196889,9081175.14629562,1592,40837,0.45
"269",2012,"Nigeria",183.687741142111,75675253,4.6242361969964,35484875113.2549,124367511096.917,100419860608.373,230542958322.831,84.0389276163752,2.37937811543128,1.147e+11,5.1e+10,55.4469909667969,NA,0.588789917234998,45.234,54.766,0,27.4011011964485,26.8231020978353,67.447079123041,43.4478826789325,4716148.08073056,NA,NA,0.62
"270",2012,"Norway",13.7402921326781,3998046,1.66552505710981,33701074344.6498,187708981521.272,5746970348.08767,263758315427.589,69.999448118899,6.31241168538445,160953041840.395,87307782000,100,0.49,9.94098023481974,79.665,20.335,NA,31.7284680679084,11.6998670418523,43.9793711787191,24.9975229658408,NA,NA,2764,2.53
"271",2014,"United States",34.8254978999543,259460378,0.9520671117587,2.070241e+12,3.512633e+12,2.10715e+11,1.3109798e+13,11.1563736099247,14.9207725465322,1620531900000,2412547024000,100,1.63,16.4936661316231,81.447,18.553,38225.1960889445,23.1462598817584,26.6036872747436,12.5769337399501,20.6318192073565,762710000,2702736,10740.56,0.76
"272",2014,"China",145.317355990401,742299307,2.81543653576473,3184235114106.2,4518212214189.21,949694780553.114,5014465115219.59,1.45875491821258,17.2011159113017,2.342293e+12,1.959233e+12,100,3.21,7.54390764144927,54.41,45.59,17822.581,52.7655888975034,20.1955134969824,17.5356039239762,22.3178478596693,390878784,2308669,807065,1.17
"273",2014,"Japan",349.122229536976,118393408,0.43869893192448,955254227836.834,1340722955993.29,51174771867.7976,3413763249780.53,2.19818626579715,32.2738676686124,690202827000,812208203000,100,1.19,9.53870610327163,93.021,6.979,8661.758,10.1327213094591,11.807049424854,24.8431331021665,24.0718235067752,110547000,20255,255881,1.38
"274",2014,"Germany",232.108053883634,60812999,0.688906595355782,801165417016.034,1066116798552.8,26834516644.6136,2409381641922.99,2.30287984053899,12.1321111783436,1494607934700,1207041223250,100,1.51,8.88937039483839,75.094,24.906,7184.14620802563,28.2780194799492,14.8124567051699,20.8505192103667,21.4095954624192,112353098.59355,74818,79339,1.8
"275",2014,"France",121.14165009305,52593945,0.799428782568115,288750331382.068,501596898710.196,44389857504.968,2008073873425.54,3.90387842111745,14.6869943565922,580470671650,676603190100,100,1.51,4.5720882491356,79.289,20.711,4151.293,19.3403359351847,21.500632504364,17.6416843739801,20.5764480054479,63434263,24598,83914,1.79
"276",2014,"United Kingdom",267.073781672385,53205707,1.06106767028709,267684826944.58,538963357245.731,19322737415.8483,2138179451074.08,11.7632102646742,12.1262974975713,505204769850,690466087600,100,1.51,6.49744049045117,82.345,17.655,5974.825151208,31.3288752892882,13.8755486661795,11.1930534013968,14.057334256734,124901676.052681,NA,62296.68,1.92
"277",2014,"India",435.175449264931,418770499,2.3453384556515,308116814497.347,566737771344.834,338376816872.085,972726159786.143,19.6266231494598,41.319864482916,322693680000,462909620000,79.1692581176758,NA,1.73000043156161,32.366,67.634,1851.32674,18.2071017303224,12.5787630553215,11.8744585476076,20.4343613708748,82718882.88,665810,1140412,1.1
"278",2014,"Brazil",24.4328442691795,174465406,1.19470762982234,253878878028.049,502802379940.501,106236719082.023,1504320441988.95,9.24652234723185,19.6663899008851,225100700000,2.39156e+11,99.650247,7.79,2.59438828549778,85.433,14.567,1596.774,29.7580591077125,17.5242272163011,14.9674431169724,16.9245242373497,100403628,267700,15901,1.27
"279",2014,"Italy",206.667369279935,41835694,1.11385655278038,299381979541.86,452241474832.945,41761199944.0082,1440188315428.88,3.75957204597759,16.7154527264337,529899326400,474193195800,100,1.51,5.27086678640296,68.821,31.179,989.179882,25.4825714541778,40.2541733207352,13.8754680465792,23.5907772495523,27193939,10343,38612,2.14
"280",2014,"Canada",3.90777026692663,29022137,1.31899835501782,NA,NA,NA,NA,29.9218048753151,10.6083410673005,476300183336.762,4.7999e+11,100,0.79,15.1171587794778,81.65,18.35,2084.318163,31.4681415679629,20.3859650719719,15.7474143160274,20.686720490564,75528607,352535,1300,1.17
"281",2014,"Korea, Rep.",520.585340582684,41794948,0.763014573341419,387963350582.472,489734185736.069,29972910672.4581,767003007139.487,9.00770617211237,33.1467827634383,5.72664e+11,5.25514e+11,100,5.24,11.5703454093401,82.36,17.64,11124.72618,20.2124609228951,16.0738747377452,34.5317445440191,28.0008645550722,58289180,9564,23071,1.55
"282",2014,"Russian Federation",8.78187748941037,106317250,0.316498909535838,239314897058.747,575848515758.946,73013427857.4816,1146623839117,69.8742927361395,1.58164334573866,4.96807e+11,3.07877e+11,100,4.91,11.8575277737052,73.924,26.076,4413.55935,42.4085084818144,18.1416820057771,31.6917823868905,12.9676607620728,72189961,2298564.1,223420,0.81
"283",2014,"Australia",3.0595183734038,20947819,1.62671658205355,93448085926.7419,371768107959.24,32739373909.8504,958428348480.676,28.0194092465881,16.1098007768259,2.41238e+11,2.36933e+11,100,1.9,15.3701377604233,89.289,10.711,1925.77200862967,42.6352715449864,59.1996692182592,11.1927922629996,23.6243148945539,68123237.6693167,59649,NA,1.23
"284",2014,"Spain",92.9227364506907,36884904,-0.0137472269062954,172054811728.638,290530808062.433,33513294296.5955,929016113963.438,6.67491016410246,20.9353634827358,324535678050,358924299100,100,1.51,5.03382448723757,79.355,20.645,962.636446,25.8124477419883,48.87174430009,12.898649173656,20.278879327683,53069339,7603.36,24557.82,1.63
"285",2014,"Mexico",63.9016435607912,98099040,1.72143684357865,217331389655.821,422410129245.815,43619176227.1958,764520551213.09,10.6016130596496,8.37343608114953,396911688000,411581243000,99.172928,1.02,3.86624111265674,78.971,21.029,617.529552725,28.0479206123234,77.0411922506142,4.118603084397,42.8532811856109,39570522,78770,479,1.03
"286",2014,"Indonesia",140.834257577681,135227145,2.64908318291499,187740777949.736,373503858292.014,118805781402.308,376299619712.63,29.1797619080209,24.7184627939739,176292686000,178178822000,97.01,NA,1.81936331905513,53.003,46.997,902.116486410853,23.2248502269916,44.7700807999515,16.5402738207296,36.2025618951933,85215879.5097387,7166,20283,0.93
"287",2014,"Turkey",100.087870795057,56148395,2.34452639032776,156864598651.509,263390204508.56,61559119852.6689,501258082583.918,3.76193819896048,8.59832163928631,157610157690,242177004000,100,NA,4.49147902571948,72.891,27.109,2630.33,22.0005205170469,57.9110327258475,30.5800509504213,44.057430380845,84574844,11145,4393,2.06
"288",2014,"Netherlands",500.593885425942,15163329,1.07308175947043,90223201320.0981,162524883267.337,14588764215.5726,615495663637.687,16.5940016683058,20.4815089825657,672671494350,589440172250,100,1.51,9.92013807523839,89.91,10.09,5726.179652,13.105015953877,9.46063985279056,19.0506270193414,14.5617402046687,33956338,NA,17226,2.15
"289",2014,"Switzerland",207.223630934305,6046826,1.2973195950469,130220333048.495,178462017900.62,5112895972.65495,502252027396.913,1.53785455449015,6.56450665317533,311203506804.638,275741665000,100,0,4.31156299409097,73.844,26.156,1508.892548,16.9472438958593,14.9607587453345,11.6648097701541,12.608283822626,27923164,8214.92,18554.77,1.74
"290",2014,"Saudi Arabia",14.3168187040922,25521904,2.99130654399786,81650400000,432449866666.667,16843733333.3333,307057066666.667,84.9370072153405,1.56534096788275,342298666000,173834666000,100,3.4,19.5292717983416,82.926,17.074,1599.921996,38.4755705169911,68.8735501176876,24.1291795400565,31.7894637807797,32269452,1852,297,0.16
"291",2014,"Argentina",15.7056571990251,39372787,1.19877926075154,77752039861.1526,127776703489.575,35330279234.9601,278636495643.778,4.75105446518736,16.9210394675265,68407400000,65229800000,100,6.63,4.74679745467325,91.604,8.396,261.60894,33.9988198155835,37.604354912855,18.6199063753882,23.4839218670278,12121912.818,12111,8588,1.52
"292",2014,"Sweden",23.8052343423928,8306173,1.16864891515025,83840260261.763,130839401030.64,6821959877.76909,370572172134.821,7.98321638025976,13.5753399821061,164628649950,162252893400,100,1.51,4.47818217821374,85.665,14.335,NA,22.9835008974771,15.500708583305,16.5339527803121,19.6604417463823,NA,NA,6132,1.82
"293",2014,"Poland",124.144273163722,23022948,-0.155714522836954,91431016449.5579,160480491902,14243288643.7831,308622230674.147,4.0466338387947,10.8172290222129,220152111800,223674496700,100,1.51,7.51715158489872,60.568,39.432,120.85182858,24.2653094729929,24.3175007184203,27.2958660043516,21.5536584031084,5038745.42598332,32017,11865,1.42
"294",2014,"Belgium",370.180217965654,10964475,0.277314886533381,66759649764.5102,104564397019.608,3446456238.88622,367027489425.207,11.3366766107196,16.2064059839474,472318682300,454632096100,100,1.51,8.32815989783976,97.818,2.182,1596.3044,20.2518958731989,11.3098267544987,21.0180671995503,19.8512056579815,10535219,5439,10975,1.9
"295",2014,"Thailand",133.916835326587,33643263,2.93608059738788,113035825343.752,150184391529.505,40953269416.6836,215383900147.168,4.80076625160013,21.7983218988504,227523510000,227748380000,100,3.59,4.62186003163084,49.174,50.826,2524.64667,15.7355711048247,69.6196187337437,10.3715217402672,42.4264567142386,46546612.484507,2455,7504,1.29
"296",2014,"Iran, Islamic Rep.",48.141587465311,57126401,1.98920050283228,59742424120.1328,172150814365.367,42501425268.2674,210112527719.993,NA,NA,8.88e+10,5.1e+10,99.4416809082031,NA,8.28302078741615,72.855,27.145,96.4385837752481,NA,NA,NA,NA,16825260.8301325,24461,16272,0.374
"297",2014,"Austria",103.505386377131,5630521,0.783987572030057,73195436131.8356,112072834349.16,5306802290.45733,276854942799.339,2.38619560100156,10.2226276169017,178248299100,182006227050,100,1.51,6.873713220337,65.919,34.081,369.955,20.1425910370658,30.7624657827981,23.9860680642072,30.8340975514876,15210489,20673.75,11600.8,1.6
"298",2014,"Egypt, Arab Rep.",92.2322226128886,39542754,2.31035667313219,51250907265.2944,121876769705.228,34640063114.1074,159856128523.273,23.8779831083334,13.9620713718843,26852112622.3738,66785357554.3692,99.8,7.38,2.19898024634231,43.069,56.931,418.691607425321,18.6879840000952,35.5723909878341,48.2955358685191,48.3610216605854,10278013.1135622,1592,40837,0.88
"299",2014,"Nigeria",193.74869835414,82834089,4.48255152982889,54779486591.6098,140098653027.308,113644385980.714,307859957449.874,90.854186859809,16.306688310332,9.42e+10,6e+10,57.6521377563477,11.34,0.545622113213755,46.942,53.058,12.1983521811429,25.0004610332038,36.0299565026488,51.3702678855803,37.8869555147419,4462001.62973012,NA,NA,0.56
"300",2014,"Norway",14.0651672165259,4120471,1.46367312697031,33927691087.014,169617508595.61,7191272150.2248,269763713303.359,64.9052170509321,5.36883239952419,144676796849.543,89459748932.6326,100,1.17,9.27094513154166,80.208,19.792,NA,32.2840340837651,11.3175817812373,45.9716931215015,24.7500078630141,NA,NA,2965,2.27
